"PackageIdentifier","ManifestValue","ManifestKey","RemoveLabel"
"115.115Chrome","115.115Chrome","PackageIdentifier","Policy-Test-1.2"
"2dust.v2rayN","2dust.v2rayN","PackageIdentifier","Validation-No-Executables"
"360.360Ent","down.browsertest.cn","InstallerUrl","Validation-Domain"
"3d-io.Exr-IO","3d-io.Exr-IO","PackageIdentifier","Validation-No-Executables"
"7zip.7zip","sourceforge.net","InstallerUrl","Validation-Domain"
"7zip.7zip","sourceforge.net","InstallerUrl","Validation-Unapproved-URL"
"a9gent.MindFS","a9gent.MindFS","PackageIdentifier","Policy-Test-1.2"
"a9gent.MindFS","a9gent.MindFS","PackageIdentifier","Validation-No-Executables"
"ABC.ABCEBankAssistant","ABC.ABCEBankAssistant","PackageIdentifier","Policy-Test-1.8"
"abelhadigital.HostsMan","softpedia-secure-download.com","InstallerUrl","Validation-Domain"
"abgox.InputTip","github.com","InstallerUrl","Validation-Domain"
"Acqusys.Taskeract","f001.backblazeb2.com","InstallerUrl","Validation-Domain"
"AdGuard.AdGuard","agrd.io","InstallerUrl","Validation-Domain"
"AdGuard.AdGuard.Nightly","agrd.io","InstallerUrl","Validation-Domain"
"AdGuard.AdGuardVPN","agrd.io","InstallerUrl","Validation-Domain"
"AdGuard.AdGuardVPN.Nightly","agrd.io","InstallerUrl","Validation-Domain"
"AETMobile.ZORG-IDDesktopApp","www.vzvz.nl","InstallerUrl","Validation-Domain"
"Agretis.SmartInstallMaker","Agretis.SmartInstallMaker","PackageIdentifier","Policy-Test-1.2"
"Airspy.SDRSharp.DotNet9","Airspy.SDRSharp.DotNet9","PackageIdentifier","Policy-Test-2.9"
"alegauss.ClaudeCodeTray","alegauss.ClaudeCodeTray","PackageIdentifier","Policy-Test-1.2"
"alelec.WSLUSBManager","gitlab.com","InstallerUrl","Validation-Domain"
"alex-sh.GTK2-Runtime","sourceforge.net","InstallerUrl","Validation-Unapproved-URL"
"AlexanderSeeligerSoftware.BackupServiceHome","download.bdightbits.de","InstallerUrl","Validation-Domain"
"AlexandruCsete.Gpredict","altushost-bul.dl.sourceforge.net","InstallerUrl","Validation-Unapproved-URL"
"Alibaba.UCCloudDrive","Alibaba.UCCloudDrive","PackageIdentifier","Validation-No-Executables"
"AlroviApS.RoGoldUltimateApp","objectstorage.us-ashburn-1.oraclecloud.com","InstallerUrl","Validation-Domain"
"Amazon.AthenaODBCDriver.1","Amazon.AthenaODBCDriver.1","PackageIdentifier","Validation-No-Executables"
"Amazon.AthenaODBCDriver.2","Amazon.AthenaODBCDriver.2","PackageIdentifier","Validation-No-Executables"
"Amazon.KindlePreviewer","Amazon.KindlePreviewer","PackageIdentifier","Policy-Test-1.2"
"Amazon.KindlePreviewer","d2bzeorukaqrvt.cloudfront.net","InstallerUrl","Validation-Domain"
"Amazon.NoSQLWorkbench","dy9cqqaswpltd.cloudfront.net","InstallerUrl","Validation-Domain"
"Amazon.NoSQLWorkbench","Amazon.NoSQLWorkbench","PackageIdentifier","Validation-No-Executables"
"AmyXun.AxGlyph","download.s21i.co99.net","InstallerUrl","Validation-Domain"
"AmyXun.AxMath","download.s21i.co99.net","InstallerUrl","Validation-Domain"
"AndreaJens.Schwarzerblitz","download.gamejolt.net","InstallerUrl","Validation-Domain"
"AndrejFogelton.eyeblink","www.blinkingmatters.com","InstallerUrl","Validation-Domain"
"AndyFul.ConfigureDefender","raw.githubusercontent.com","InstallerUrl","Validation-domain"
"Anthropic.ClaudeCode","storage.googleapis.com","InstallerUrl","Validation-Domain"
"anycam-io.AnyCam","anycam-io.AnyCam","PackageIdentifier","Possible-Duplicate"
"Anysphere.Cursor","download.todesktop.com","InstallerUrl","Validation-Domain"
"AnyTXT.AnyTXTSearcher","sourceforge.net","InstallerUrl","Validation-Unapproved-URL"
"ApacheLounge.httpd","ApacheLounge.httpd","PackageIdentifier","Validation-No-Executables"
"APIDocumentation.Scalar","download.todesktop.com","InstallerUrl","Validation-Domain"
"Appeon.PowerServerToolkit2022R3-MR03","Appeon.PowerServerToolkit2022R3-MR03","PackageIdentifier","Policy-Test-1.2"
"Appest.Dida","Appest.Dida","PackageIdentifier","Policy-Test-1.8"
"Appest.Dida","Appest.Dida","PackageIdentifier","Policy-Test-1.8"
"AriesOxO.piz","AriesOxO.piz","PackageIdentifier","Policy-Test-1.2"
"AriesOxO.piz","AriesOxO.piz","PackageIdentifier","Policy-Test-2.7"
"ArtisticStyle.ArtisticStyle","sourceforge.net","InstallerUrl","Validation-Domain"
"ASGARDEXMaintainers.ASGARDEX","github.com","InstallerUrl","Validation-Domain"
"Atos.emotachDirect","www.fzhsw.bazg.admin.ch","InstallerUrl","Validation-Domain"
"Audient.iD","d9w4fhj63j193.cloudfront.net","InstallerUrl","Validation-Domain"
"AuraMarker.Lattics","releases.zine.la","InstallerUrl","Validation-Domain"
"AutoEver.NavigationUpdater","oem-setup.map-care.com","InstallerUrl","Validation-Domain"
"azurejoga.brasilacessivel","eternal-legend.com.br","InstallerUrl","Validation-Domain"
"Baidu.BaiduWenku","Baidu.BaiduWenku","PackageIdentifier","Validation-No-Executables"
"BakaXL.BakaXL","contents.baka.zone","InstallerUrl","Validation-Domain"
"BalazsTihanyi.NClass","downloads.sourceforge.net","InstallerUrl","Validation-Unapproved-URL"
"Balsamiq.Wireframes","build_archives.s3.amazonaws.com","InstallerUrl","Validation-Domain"
"Bambulab.CyberBrick","public-cdn.bblmw.com","InstallerUrl","Validation-Domain"
"Baxi.MyBaxiPRO","pcstwinget.blob.core.windows.net","InstallerUrl","Validation-Domain"
"BayerischesLandesamtfuerSteuern.ElsterAuthenticator","download.elster.de","InstallerUrl","Validation-Domain"
"Beanbag.RBTools","downloads.reviewboard.org","InstallerUrl","Validation-Domain"
"BellSoft.LibericaJDK.12","download.bell-sw.com","InstallerUrl","Validation-Domain"
"BellSoft.LibericaJDK.12.Lite","download.bell-sw.com","InstallerUrl","Validation-Domain"
"BellSoft.LibericaJDK.13","download.bell-sw.com","InstallerUrl","Validation-Domain"
"BellSoft.LibericaJDK.13.Full","download.bell-sw.com","InstallerUrl","Validation-Domain"
"BellSoft.LibericaJDK.13.Lite","download.bell-sw.com","InstallerUrl","Validation-Domain"
"BellSoft.LibericaJDK.23.Lite","download.bell-sw.com","InstallerUrl","Validation-Domain"
"BellSoft.LibericaJDK.24.Full","download.bell-sw.com","InstallerUrl","Validation-Domain"
"BellSoft.LibericaJDK.24.Lite","download.bell-sw.com","InstallerUrl","Validation-Domain"
"BellSoft.LibericaJDK.25","download.bell-sw.com","InstallerUrl","Validation-Domain"
"BellSoft.LibericaJDK.25.Full","download.bell-sw.com","InstallerUrl","Validation-Domain"
"BellSoft.LibericaJDK.26","download.bell-sw.com","InstallerUrl","Validation-Domain"
"BellSoft.LibericaJRE.22","download.bell-sw.com","InstallerUrl","Validation-Domain"
"BellSoft.LibericaJRE.23.Full","download.bell-sw.com","InstallerUrl","Validation-Domain"
"BellSoft.LibericaJRE.24","download.bell-sw.com","InstallerUrl","Validation-Domain"
"BellSoft.LibericaJRE.24.Full","download.bell-sw.com","InstallerUrl","Validation-Domain"
"BellSoft.LibericaJRE.25","download.bell-sw.com","InstallerUrl","Validation-Domain"
"BellSoft.LibericaJRE.25.Full","download.bell-sw.com","InstallerUrl","Validation-Domain"
"benbaker76.SimpleHIDWrite3","www.baker76.com","InstallerUrl","Validation-Domain"
"Bilibili.Bcut","boss.hdslb.com","InstallerUrl","Validation-Domain"
"BioSilico.EssayWriter","download.fasteressays.com","InstallerUrl","Validation-Domain"
"Bitvise.SSH.Client","Bitvise.SSH.Client","PackageIdentifier","Policy-Test-2.7"
"Boy1690.Keeply","Boy1690.Keeply","PackageIdentifier","Policy-Test-2.7"
"BreakPointSoftware.HexWorkshop","www.bpsoft.com","InstallerUrl","Validation-Domain"
"BrightSign.BAconnected","downloads.bsn.cloud","InstallerUrl","Validation-Domain"
"BrinkSoftware.IbisVoorInfra","2804826.fs1.hubspotusercontent-na1.net","InstallerUrl","Validation-Domain"
"Brinno.BrinnoVideoPlayer","Brinno.BrinnoVideoPlayer","PackageIdentifier","Validation-Domain"
"BtbN.FFmpeg.GPL.Shared","BtbN.FFmpeg.GPL.Shared","PackageIdentifier","Validation-No-Executables"
"BtbN.FFmpeg.GPL.Shared.7.1","BtbN.FFmpeg.GPL.Shared.7.1","PackageIdentifier","Validation-No-Executables"
"BtbN.FFmpeg.GPL.Shared.7.1","BtbN.FFmpeg.GPL.Shared.7.1","PackageIdentifier","Validation-No-Executables"
"BtbN.FFmpeg.GPL.Shared.8.0","BtbN.FFmpeg.GPL.Shared.8.0","PackageIdentifier","Validation-No-Executables"
"BtbN.FFmpeg.LGPL.Shared","BtbN.FFmpeg.LGPL.Shared","PackageIdentifier","Validation-No-Executables"
"BtbN.FFmpeg.LGPL.Shared.7.1","BtbN.FFmpeg.LGPL.Shared.7.1","PackageIdentifier","Validation-No-Executables"
"Buanzo.FFmpegforAudacity","Buanzo.FFmpegforAudacity","PackageIdentifier","Validation-No-Executables"
"Bunny-Wabbit.ISOCreator","sourceforge.net","InstallerUrl","Validation-Unapproved-URL"
"ByteDance.Doudian","lf3-cdn-tos.bytescm.com","InstallerUrl","Validation-Domain"
"ByteDance.FeiLian","cdn.isealsuite.com","InstallerUrl","Validation-Domain"
"Cal.Cal","download.todesktop.com","InstallerUrl","Validation-Domain"
"Calibrite.PROFILER","Calibrite.PROFILER","PackageIdentifier","Policy-Test-1.2"
"canghaicheng.ZhuoMianShiJie","sourceforge.net","InstallerUrl","Validation-Unapproved-URL"
"CareScribe.CaptionEd","storage.googleapis.com","InstallerUrl","Validation-domain"
"CareScribe.TalkType","storage.googleapis.com","InstallerUrl","Validation-Domain"
"Carrier.BlockLoad","www.shareddocs.com","InstallerUrl","Validation-Domain"
"Carrier.BuildingSystemOptimizer","www.shareddocs.com","InstallerUrl","Validation-Domain"
"Carrier.EngineeringEconomicAnalysis","www.shareddocs.com","InstallerUrl","Validation-Domain"
"Carrier.HourlyAnalysisProgram","www.shareddocs.com","InstallerUrl","Validation-Domain"
"Carrier.PLVPro","www.shareddocs.com","InstallerUrl","Validation-Domain"
"Carrier.SystemDesignLoad","www.shareddocs.com","InstallerUrl","Validation-Domain"
"Castr.Castr","download.todesktop.com","InstallerUrl","Validation-Domain"
"cb4960.Capture2Text","sourceforge.net","InstallerUrl","Validation-Unapproved-URL"
"CCF.CCFLink","exclusive-app-cdn.dingtalk.com","InstallerUrl","Validation-Domain"
"CedricLouvrier.Pinga","css-ig.net","InstallerUrl","Validation-Domain"
"CedricLouvrier.Pingo","css-ig.net","InstallerUrl","Validation-Domain"
"Chainguard.chainctl","dl.enforce.dev","InstallerUrl","Validation-Domain"
"chrdavis.smartrename","chrdavis.smartrename","PackageIdentifier","Validation-No-Executables"
"ChrisLong.EZSignIt","www.ssesetup.com","InstallerUrl","Validation-Domain"
"ChrisLong.NTFSHiddenDataFinder","ChrisLong.NTFSHiddenDataFinder","PackageIdentifier","Policy-Test-1.2"
"ChrisPirih.SkiFree","ski.ihoc.net","InstallerUrl","Validation-Domain"
"ChristianThoeing.PasswordTech","sourceforge.net","InstallerUrl","Validation-Unapproved-URL"
"Chromium.ChromeDriver","storage.googleapis.com","InstallerUrl","Validation-Domain"
"Chronosphere.FluentBit","Chronosphere.FluentBit","PackageIdentifier","Policy-Test-1.8"
"Cisco.ChezScheme","Cisco.ChezScheme","PackageIdentifier","Policy-Test-2.7"
"Cisco.JabberVDIAgent","binaries.webex.com","InstallerUrl","Validation-Domain"
"CISDI.Qingtui","CISDI.Qingtui","PackageIdentifier","Policy-Test-1.8"
"CISDI.Qingtui","qtstatic.oss-cn-hangzhou.aliyuncs.com","InstallerUrl","Validation-Domain"
"CISDI.Qingtui","CISDI.Qingtui","PackageIdentifier","Policy-Test-1.2"
"cita-777.Metapi","cita-777.Metapi","PackageIdentifier","Policy-Test-1.2"
"CleverCloud.CleverTools","clever-tools.clever-cloud.com","InstallerUrl","Validation-Domain"
"Clevertouch.Clevershare","saharaplc.s3.eu-west-2.amazonaws.com","InstallerUrl","Validation-Domain"
"Clevertouch.Clevershare.EXE","saharaplc.s3.eu-west-2.amazonaws.com","InstallerUrl","Validation-Domain"
"ClickUp.ClickUp","download.todesktop.com","InstallerUrl","Validation-Domain"
"CloudImperiumGames.RSILauncher","install.robertsspaceindustries.com","InstallerUrl","Validation-Domain"
"cmlanche.lightningvine","sdt-1314690352.cos.ap-nanjing.myqcloud.com","InstallerUrl","Validation-Domain"
"cmlanche.lightningvine","sdtpub.s3.bitiful.net","InstallerUrl","Validation-Domain"
"CMU.CLAN","CMU.CLAN","PackageIdentifier","Policy-Test-1.8"
"CMU.CLAN","CMU.CLAN","PackageIdentifier","Policy-Test-1.2"
"CMU.CLAN","dali.talkbank.org","InstallerUrl","Validation-Domain"
"CodeBlocks.CodeBlocks","sourceforge.net","InstallerUrl","Validation-Unapproved-URL"
"CodeBlocks.CodeBlocks.MinGW","sourceforge.net","InstallerUrl","Validation-Unapproved-URL"
"Codeby.RIGStats","Codeby.RIGStats","PackageIdentifier","Policy-Test-2.7"
"CodeWithBotina.ArcadeMazeChomper","CodeWithBotina.ArcadeMazeChomper","PackageIdentifier","Policy-Test-1.8"
"CoenFin.AuditfileConverterAndAnalyser","CoenFin.AuditfileConverterAndAnalyser","PackageIdentifier","Policy-Test-2.7"
"CoenFin.PDFinvoice2UBL","CoenFin.PDFinvoice2UBL","PackageIdentifier","Policy-Test-2.7"
"CologneCodeCompany.XYplorer","CologneCodeCompany.XYplorer","PackageIdentifier","Policy-Test-2.7"
"CologneCodeCompany.XYplorer","CologneCodeCompany.XYplorer","PackageIdentifier","Policy-Test-2.7"
"CologneCodeCompany.XYplorerPortable","CologneCodeCompany.XYplorerPortable","PackageIdentifier","Policy-Test-2.7"
"CologneCodeCompany.XYplorerPortable","CologneCodeCompany.XYplorerPortable","PackageIdentifier","Policy-Test-2.7"
"combostrap.doc-exec","combostrap.doc-exec","PackageIdentifier","Policy-Test-2.9"
"ComfortSoftwareGroup.ComfortOSK","ComfortSoftwareGroup.ComfortOSK","PackageIdentifier","Policy-Test-1.8"
"Comfy.ComfyUI-Desktop","download.todesktop.com","InstallerUrl","Validation-Domain"
"Comix.FastMeeting","fs.hst.com","InstallerUrl","Validation-Domain"
"ContourDesign.ContourShuttle","cdn.shopify.com","InstallerUrl","Validation-Domain"
"Convertilla.Convertilla","Convertilla.Convertilla","PackageIdentifier","Policy-Test-1.2"
"CopyTrans.CopyTransHEIC","studio-binaries.s3.us-west-2.amazonaws.com","InstallerUrl","Validation-Domain"
"CopyTrans.Studio","studio-binaries.s3.us-west-2.amazonaws.com","InstallerUrl","Validation-Domain"
"Corel.MindManager.23","download.mindjet.com","InstallerUrl","Validation-Domain"
"cornradio.pausemygame","cornradio.pausemygame","PackageIdentifier","Policy-Test-2.7"
"CosX.ServiceBusExplorerTui","CosX.ServiceBusExplorerTui","PackageIdentifier","Policy-Test-2.7"
"CrazyFigure.QuickCli","CrazyFigure.QuickCli","PackageIdentifier","Policy-Test-1.2"
"CrossPlusA.Balabolka","www.cross-plus-a.com","InstallerUrl","Validation-Domain"
"Crucial.StorageExecutive","Crucial.StorageExecutive","PackageIdentifier","Policy-Test-1.2"
"Crucial.StorageExecutive","assets.micron.com","InstallerUrl","Validation-Domain"
"CrystalDewWorld.CrystalDiskInfo","sourceforge.net","InstallerUrl","Validation-Domain"
"CrystalDewWorld.CrystalDiskInfo.AoiEdition","sourceforge.net","InstallerUrl","Validation-Domain"
"CrystalDewWorld.CrystalDiskInfo.KureiKeiEdition","sourceforge.net","InstallerUrl","Validation-Domain"
"CrystalDewWorld.CrystalDiskInfo.ShizukuEdition","sourceforge.net","InstallerUrl","Validation-Domain"
"CrystalDewWorld.CrystalDiskMark","sourceforge.net","InstallerUrl","Validation-Domain"
"CrystalDewWorld.CrystalDiskMark.AoiEdition","sourceforge.net","InstallerUrl","Validation-Domain"
"CrystalDewWorld.CrystalDiskMark.ShizukuEdition","sourceforge.net","InstallerUrl","Validation-Domain"
"CrystalDewWorld.CrystalMark3D25","sourceforge.net","InstallerUrl","Validation-Unapproved-URL"
"CrystalDewWorld.CrystalMarkRetro","sourceforge.net","InstallerUrl","Validation-Unapproved-URL"
"CTerm.CTerm","gitee.com","InstallerUrl","Validation-Domain"
"Cteros.ENO-M","Cteros.ENO-M","PackageIdentifier","Policy-Test-1.2"
"CurveSeries.CurveSeries","www.c3excel.com","InstallerUrl","Validation-Domain"
"D-Link.DWA-X1850Driver","D-Link.DWA-X1850Driver","PackageIdentifier","Possible-Duplicate"
"Danfoss.CCMS","www.turbocoroem.com","InstallerUrl","Validation-Domain"
"DanielGehriger.MSI2XML","sourceforge.net","InstallerUrl","Validation-Unapproved-URL"
"DaouTech.DaouMessenger","storage.googleapis.com","InstallerUrl","Validation-Domain"
"DedAI.Bridge","DedAI.Bridge","PackageIdentifier","Policy-Test-2.7"
"DeDietrich.PRO","pcstwinget.blob.core.windows.net","InstallerUrl","Validation-Domain"
"Dedoose.Dedoose","downloads.ctfassets.net","InstallerUrl","Validation-Domain"
"Delido.SignalRGBWallpaper","Delido.SignalRGBWallpaper","PackageIdentifier","Policy-Test-1.2"
"Delinea.DelineaConnectionManager","downloads.cm.thycotic.com","InstallerUrl","Validation-Domain"
"Delinea.PrivilegeManagerAgents","tmsnuget.thycotic.com","InstallerUrl","Validation-Domain"
"Delinea.ThycoticDirectoryServicesAgent","Delinea.ThycoticDirectoryServicesAgent","PackageIdentifier","Validation-No-Executables"
"Delinea.ThycoticLocalSecurityAgent","Delinea.ThycoticLocalSecurityAgent","PackageIdentifier","Validation-No-Executables"
"DelineaInc.ThycoticLocalSecurityAgent","DelineaInc.ThycoticLocalSecurityAgent","PackageIdentifier","Validation-No-Executables"
"DeltaChat.DeltaChat","download.delta.chat","InstallerUrl","Validation-Domain"
"Dialpad.DialpadMeetings","storage.googleapis.com","InstallerUrl","Validation-Domain"
"DigitalScience.Papers","update.readcube.com","InstallerUrl","Validation-Domain"
"DirkJansen.MailCheck2","www.d-jan.de","InstallerUrl","Validation-Domain"
"DisplayLink.GraphicsDriver.HotDesking","DisplayLink.GraphicsDriver.HotDesking","PackageIdentifier","Policy-Test-2.7"
"DistroaAV.DistroAV","DistroaAV.DistroAV","PackageIdentifier","Validation-No-Executables"
"DNAGenics.DNAKitStudio","dgadmixstorage.blob.core.windows.net","InstallerUrl","Validation-Domain"
"DocuSign.DocusignEdit","tools.springcm.com","InstallerUrl","Validation-Domain"
"dougcunha.VsExtensionsTool","dougcunha.VsExtensionsTool","PackageIdentifier","Policy-Test-2.7"
"Doxim.StriataReader.EXE","Doxim.StriataReader.EXE","PackageIdentifier","Validation-No-Executables"
"DrizzleTime.Skiff","DrizzleTime.Skiff","PackageIdentifier","Policy-Test-2.7"
"drsaint.WixTool.Red","sourceforge.net","InstallerUrl","Validation-Unapproved-URL"
"drsaint.WixTool.Yellow","sourceforge.net","InstallerUrl","Validation-Unapproved-URL"
"Dutchview.Flexwhere","s3.eu-central-1.amazonaws.com","InstallerUrl","Validation-Domain"
"DWANGO.SeirenVoice.yukari.Trial","sv-packed-release.s3.ap-northeast-1.amazonaws.com","InstallerUrl","Validation-Domain"
"Dynare.Dynare","Dynare.Dynare","PackageIdentifier","policy-Test-1.8"
"DZEDSystems.DragonframeLicenseManager","www.dragonframe.com","InstallerUrl","Validation-Domain"
"Eagle1.PrettyMark","gitlab.com","InstallerUrl","Validation-Domain"
"Earthshine.DashcamViewer","filedn.com","InstallerUrl","Validation-Domain"
"EasternGraphics.pCon-basket","downloads.pcon-solutions.com","InstallerUrl","Validation-Domain"
"EasternGraphics.pCon-planner.ME","downloads.pcon-solutions.com","InstallerUrl","Validation-Domain"
"EasternGraphics.pCon-planner.Pro","downloads.pcon-solutions.com","InstallerUrl","Validation-Domain"
"EasternGraphics.pCon-planner.STD","downloads.pcon-solutions.com","InstallerUrl","Validation-Domain"
"EastMoney.EastMoney","EastMoney.EastMoney","PackageIdentifier","Policy-Test-2.9"
"EastMoney.EastmoneySpeciality","EastMoney.EastmoneySpeciality","PackageIdentifier","Policy-Test-2.9"
"Easybits.MagicDesktop.Kiosk","Easybits.MagicDesktop.Kiosk","PackageIdentifier","Policy-Test-2.9"
"EAZYPETITIONLLC.eazyPetition","pub-7e43a56b93cd4288b6ac1300fa1cc5b0.r2.dev","InstallerUrl","Validation-Domain"
"eBralec.eBralec","prenos.amebis.si","InstallerUrl","Validation-Domain"
"EclipseAdoptium.Temurin.19.JRE.x86","EclipseAdoptium.Temurin.19.JRE.x86","PackageIdentifier","Possible-Duplicate"
"EclipseFoundation.EclipseIDEforJavaDevelopers","ftp.halifax.rwth-aachen.de","InstallerUrl","Validation-domain"
"ECSoftware.eWriterViewer","www.helpandmanual.com","InstallerUrl","Validation-Domain"
"ECSoftware.Help+ManualTranslationAssistant","www.helpandmanual.com","InstallerUrl","Validation-Domain"
"ECSoftware.Help+ManualTranslationAssistant","www.helpandmanual.com","InstallerUrl","Validation-Domain"
"ECSoftware.SnipSVG","www.helpandmanual.com","InstallerUrl","Validation-Domain"
"EDPB.WebsiteAuditTool","code.europa.eu","InstallerUrl","Validation-Domain"
"EdrawSoft.EdrawMax.CN","cc-download.wondershare.cc","InstallerUrl","Validation-Domain"
"EdrawSoft.EdrawMind","download.wondershare.com","InstallerUrl","Validation-Domain"
"EdrawSoft.EdrawMind.CN","cc-download.wondershare.cc","InstallerUrl","Validation-Domain"
"EdrawSoft.EdrawMind.CN","EdrawSoft.EdrawMind.CN","PackageIdentifier","Policy-Test-1.2"
"EdrawSoft.MindMaster","EdrawSoft.MindMaster","PackageIdentifier","Policy-Test-1.2"
"EdrawSoft.MindMaster.CN","EdrawSoft.MindMaster.CN","PackageIdentifier","Policy-Test-1.2"
"Educator.Engine","jlsms-downloads.s3.ap-northeast-1.amazonaws.com","InstallerUrl","Validation-Domain"
"eduVPN.Client","codeberg.org","InstallerUrl","Validation-Domain"
"ElectronCommunity.ElectronFiddle","github.com","InstallerUrl","Validation-Forbidden-URL-Error"
"Element.Element","packages.element.io","InstallerUrl","URL-Validation-Error"
"elieserdejesus.JamTaba","elieserdejesus.JamTaba","PackageIdentifier","Policy-Test-2.5"
"erickutcher.httpdownloader","erickutcher.httpdownloader","PackageIdentifier","Policy-Test-2.9"
"ESET.Nod32","ESET.Nod32","PackageIdentifier","Policy-Test-1.2"
"ESET.Security","ESET.Security","PackageIdentifier","Policy-Test-1.2"
"ESET.Security.SmallBusiness","ESET.Security.SmallBusiness","PackageIdentifier","Policy-Test-1.2"
"EspacoInformatica.Hades2","www.invent4.com","InstallerUrl","Validation-Domain"
"EspacoInformatica.Hades2","EspacoInformatica.Hades2","PackageIdentifier","Policy-Test-2.7"
"EspacoInformatica.Hades2","EspacoInformatica.Hades2","PackageIdentifier","Policy-Test-2.7"
"EuropeanCommission.EUROMOD","EuropeanCommission.EUROMOD","PackageIdentifier","Policy-Test-2.7"
"EuSoft.Dehelper","static.frdic.com","InstallerUrl","Validation-Domain"
"EuSoft.Dehelper","EuSoft.Dehelper","PackageIdentifier","Policy-Test-1.8"
"EuSoft.Eshelper","EuSoft.Eshelper","PackageIdentifier","Policy-Test-1.8"
"EuSoft.Eshelper","static.frdic.com","InstallerUrl","Validation-Domain"
"EuSoft.Frhelper","EuSoft.Frhelper","PackageIdentifier","Policy-Test-1.8"
"EuSoft.Frhelper","static.frdic.com","InstallerUrl","Validation-Domain"
"Everway.ExamWritePad","fastdownloads2.texthelp.com","InstallerUrl","Validation-Domain"
"FAI-Solution.move-window-between-desktops","codeberg.org","InstallerUrl","Validation-Domain"
"Fathom.Fathom","storage.googleapis.com","InstallerUrl","Validation-Domain"
"FEITIAN.SKManager","fido.ftsafe.com","InstallerUrl","Validation-Domain"
"FileOpen.Client","FileOpen.Client","PackageIdentifier","Validation-No-Executables"
"FiloSottile.age","FiloSottile.age","PackageIdentifier","Policy-Test-2.7"
"FinancialID.BankID","FinancialID.BankID","PackageIdentifier","Policy-Test-1.8"
"FlightGear.FlightGear","FlightGear.FlightGear","PackageIdentifier","Possible-Duplicate"
"FlightGear.FlightGear","sourceforge.net","InstallerUrl","Validation-Unapproved-URL"
"FlowJo.FlowJo","fjinstallers.s3.amazonaws.com","InstallerUrl","Validation-Domain"
"flyingpie.windows-terminal-quake.prerelease","flyingpie.windows-terminal-quake.prerelease","PackageIdentifier","Policy-Test-2.9"
"FredrikFornwall.Rust-Script","FredrikFornwall.Rust-Script","PackageIdentifier","Policy-Test-2.7"
"FreedomScientific.Fusion.2024","software.vfo.digital","InstallerUrl","Validation-Domain"
"FreedomScientific.Fusion.2025","software.vfo.digital","InstallerUrl","Validation-Domain"
"FreedomScientific.Fusion.2026","software.vfo.digital","InstallerUrl","Validation-Domain"
"FreedomScientific.JAWS.2025","software.vfo.digital","InstallerUrl","Validation-Domain"
"FreedomScientific.JAWS.2026","software.vfo.digital","InstallerUrl","Validation-Domain"
"FreeTube.FreeTube","FreeTube.FreeTube","PackageIdentifier","Possible-Duplicate"
"FullScreensavers.NeonTime","FullScreensavers.NeonTime","PackageIdentifier","Validation-No-Executables"
"Futuremark.FuturemarkSystemInfo","d1ejs5fxm96rib.cloudfront.net","InstallerUrl","Validation-Domain"
"FxSound.FxSound","raw.githubusercontent.com","InstallerUrl","Validation-Domain"
"FxSound.FxSound","FxSound.FxSound","PackageIdentifier","Policy-Test-1.2"
"GAI.FileShows","webpath.iche2.com","InstallerUrl","Validation-Domain"
"GAI.FileTools","webpath.iche2.com","InstallerUrl","Validation-Domain"
"GAI.GAI","webpath.iche2.com","InstallerUrl","Validation-Domain"
"gajju44.ZNinja","gajju44.ZNinja","PackageIdentifier","Policy-Test-2.5"
"GamaPlatform.Gama","GamaPlatform.Gama","PackageIdentifier","Policy-Test-2.7"
"GameSir.GameSirConnect","xjdl.bigeyes.com","InstallerUrl","Validation-Domain"
"GameSir.GameSirT4kApp","xjdl.bigeyes.com","InstallerUrl","Validation-Domain"
"GaoyangZhang.RivonClaw","GaoyangZhang.RivonClaw","PackageIdentifier","Policy-Test-2.7"
"GauzyTech.NeatConverter","neat-reader.yuezhi.ink","InstallerUrl","Validation-Domain"
"GauzyTech.NeatReader","neat-reader-release.oss-cn-hongkong.aliyuncs.com","InstallerUrl","Validation-Domain"
"Geeks3D.FurMark.2","gpumagick.com","InstallerUrl","Validation-Domain"
"gehariharan.TokenWatcher","gehariharan.TokenWatcher","PackageIdentifier","Policy-Test-1.2"
"GeneralOutline.Outline","download.todesktop.com","InstallerUrl","Validation-Domain"
"GeoDa.GeoDa","GeoDa.GeoDa","PackageIdentifier","Policy-Test-2.7"
"getfloma.floma","pub-3da12ce477ba4b969191f6514d7505ff.r2.dev","InstallerUrl","Validation-Domain"
"Gitlab.Runner","s3.dualstack.us-east-1.amazonaws.com","InstallerUrl","Validation-Domain"
"GlassWire.GlassWire","s3.us-east-1.amazonaws.com","InstallerUrl","Validation-Domain"
"Glodon.CADReader.CN","yuntu-f.kuaicad.com","InstallerUrl","URL-Validation-Error"
"GnuCash.GnuCash","GnuCash.GnuCash","PackageIdentifier","Policy-Test-1.8"
"GnuWin32.Flex","sourceforge.net","InstallerUrl","Validation-Unapproved-URL"
"GnuWin32.Patch","sourceforge.net","InstallerUrl","Validation-Unapproved-URL"
"GodwitIO.GodwitSync","GodwitIO.GodwitSync","PackageIdentifier","Policy-Test-1.8"
"GOG.Galaxy","cdn.gog.com","InstallerUrl","Validation-Forbidden-URL-Error"
"GoldSim.TechnologyGroup.GoldSim","29f47c9f939381a973ca-12e283108c711e866765bf13c6d170c2.ssl.cf1.rackcdn.com","InstallerUrl","Validation-Domain"
"GOMLab.GOMPlayer","GOMLab.GOMPlayer","PackageIdentifier","Policy-Test-2.7"
"Google.AndroidStudio","edgedl.me.gvt1.com","InstallerUrl","Validation-Domain"
"Google.AndroidStudio.Beta","edgedl.me.gvt1.com","InstallerUrl","Validation-Domain"
"Google.AndroidStudio.Canary","edgedl.me.gvt1.com","InstallerUrl","Validation-Domain"
"Google.Antigravity","edgedl.me.gvt1.com","InstallerUrl","Validation-Domain"
"Google.AntigravityIDE","edgedl.me.gvt1.com","InstallerUrl","Validation-Domain"
"Google.DartSDK","Google.DartSDK","PackageIdentifier","Validation-No-Executables"
"GovernmentOfThePRC.GuangdongProvince.YueZhengYi","dldir1.qq.com","InstallerUrl","Validation-Domain"
"GovernmentOfThePRC.HeNan.ZhengZhou.ZhengZhengDing","zwdd-zhegnzhou.oss-cn-beijing.aliyuncs.com","InstallerUrl","Validation-Domain"
"GovernmentOfThePRC.SAT.ETB.WithholdingSide","file.etax.chinatax.gov.cn","InstallerUrl","Validation-Domain"
"GPSoftware.DirectoryOpus","cdn2.gpsoft.com.au","InstallerUrl","Validation-Domain"
"gptscript-ai.gptscript","gptscript-ai.gptscript","PackageIdentifier","Policy-Test-2.7"
"GrainIntelligence.Grain","download.todesktop.com","InstallerUrl","Validation-Domain"
"GramEditor.Gram","codeberg.org","InstallerUrl","Validation-Domain"
"Granola.Granola","dr2v7l5emb758.cloudfront.net","InstallerUrl","Validation-Domain"
"gretl.gretl","gretl.gretl","PackageIdentifier","Validation-Unapproved-URL"
"GrumpyCoders.PCSX-Redux","distrib.app","InstallerUrl","Validation-Domain"
"Guru3D.Afterburner","ftp.nluug.nl","InstallerUrl","Validation-Domain"
"Guru3D.Afterburner.Beta","ftp.nluug.nl","InstallerUrl","Validation-Domain"
"Guru3D.RTSS","ftp.nluug.nl","InstallerUrl","Validation-Domain"
"H-BAU.FERBOXDesign","pohlcon.com","InstallerUrl","Validation-Domain"
"h3poteto.whalebird-desktop","github.com","InstallerUrl","URL-Validation-Error"
"hailcanto.WinTerm2","hailcanto.WinTerm2","PackageIdentifier","Policy-Test-1.2"
"HaiYing.OfficeAI","downloadcdn.office-ai.cn","InstallerUrl","Validation-Domain"
"Hasleo.BackupSuiteFree","www.easyuefi.com","InstallerUrl","Validation-Domain"
"HBK.MicrophoneViewer","www.bksv.com","InstallerUrl","Validation-Domain"
"HDZTony.FlowUI","gitee.com","InstallerUrl","Validation-Domain"
"HeartbeatChat.Heartbeat","download.todesktop.com","InstallerUrl","Validation-Domain"
"HendersonSoftware.CDRipper","readiotvm4.eastus.cloudapp.azure.com","InstallerUrl","Validation-Domain"
"HenriWahl.Nagstamon","HenriWahl.Nagstamon","PackageIdentifier","Policy-Test-2.5"
"Hetman.RAIDRecovery","Hetman.RAIDRecovery","PackageIdentifier","Policy-Test-1.2"
"HGZW.Zweep","apps.heiguozhi.wang","InstallerUrl","Validation-Domain"
"HidemyNetworkLtd.HidemyNameVPN","hide.mn","InstallerUrl","Validation-Domain"
"HighLevel.HighLevel","storage.googleapis.com","InstallerUrl","Validation-Domain"
"HMCL.HMCL.Dev","HMCL.HMCL.Dev","PackageIdentifier","Possible-Duplicate"
"HMCL.HMCL.Dev","HMCL.HMCL.Dev","PackageIdentifier","Possible-Duplicate"
"HMCL.HMCL.Dev.CNB","HMCL.HMCL.Dev.CNB","PackageIdentifier","Possible-Duplicate"
"HMCL.HMCL.Dev.Maven","HMCL.HMCL.Dev.Maven","PackageIdentifier","Possible-Duplicate"
"HMCL.HMCL.Dev.Maven.TencentCloudMirror","HMCL.HMCL.Dev.Maven.TencentCloudMirror","PackageIdentifier","Possible-Duplicate"
"HMCL.HMCL.Dev.Maven.TencentCloudMirror","mirrors.cloud.tencent.com","InstallerUrl","Validation-Domain"
"HMCL.HMCL.Stable","github.com","InstallerUrl","Validation-Domain"
"HMCL.HMCL.Stable","HMCL.HMCL.Stable","PackageIdentifier","Possible-Duplicate"
"HMCL.HMCL.Stable.CNB","HMCL.HMCL.Stable.CNB","PackageIdentifier","Possible-Duplicate"
"HMCL.HMCL.Stable.Maven","HMCL.HMCL.Stable.Maven","PackageIdentifier","Possible-Duplicate"
"HMCL.HMCL.Stable.Maven.TencentCloudMirror","mirrors.cloud.tencent.com","InstallerUrl","Validation-Domain"
"HomeDev.PatchCleanerPortable","deac-riga.dl.sourceforge.net","InstallerUrl","Validation-Unapproved-URL"
"HomesideSoftware.APRSISCE32","aprsisce.wikidot.com","InstallerUrl","Validation-Domain"
"HP.ConnectivityKit","updates.moravia-consulting.com","InstallerUrl","Validation-Domain"
"HP.PrimeVirtualCalculator","updates.moravia-consulting.com","InstallerUrl","Validation-Domain"
"HuoHuaSiWei.HuoHuaBianCheng","img.txqn.huohua.cn","InstallerUrl","Validation-Domain"
"HuoHuaSiWei.HuoHuaSiWei","pkm-01.classpodcdn.com","InstallerUrl","Validation-Domain"
"HydrologicEngineeringCenter.HEC-MetVue","www.hec.usace.army.mil","InstallerUrl","Validation-Domain"
"I2PHD-and-IK2CZL.Spectran","www.sdradio.eu","InstallerUrl","Validation-Domain"
"IDEAgentHub.AgentHub","IDEAgentHub.AgentHub","PackageIdentifier","Policy-Test-1.8"
"Ideamerit.GalaxyModeler","www.datensen.com","InstallerUrl","Validation-Domain"
"Ideamerit.LunaModeler","www.datensen.com","InstallerUrl","Validation-Domain"
"Ideamerit.MeteorModeler","www.datensen.com","InstallerUrl","Validation-Domain"
"Ideamerit.MoonModeler","www.datensen.com","InstallerUrl","Validation-Domain"
"IDMComputerSolutions,Inc.UEStudio","downloads.ultraedit.com","InstallerUrl","Validation-Domain"
"ImaginationTech.PVRCarbon","cdn.imgtec.com","InstallerUrl","Validation-Domain"
"ImaginationTech.PVRTexTool","cdn.imgtec.com","InstallerUrl","Validation-Domain"
"InspectDevTools.Inspect","download.todesktop.com","InstallerUrl","Validation-Domain"
"IntegrIT.Hackolade","s3-eu-west-1.amazonaws.com","InstallerUrl","Validation-Domain"
"IPEVO.Vurbo-ai","s3.us-west-2.amazonaws.com","InstallerUrl","Validation-Domain"
"IrfanSkiljan.IrfanView","download.fileforum.com","InstallerUrl","Validation-Domain"
"Iterate.CyberduckCLI","dist.duck.sh","InstallerUrl","Validation-Domain"
"J2S3.MerciApp","p-merci-windows-adapter.s3.eu-west-3.amazonaws.com","InstallerUrl","Validation-Domain"
"JalaUCapstones.ArcadeMazeChomper","JalaUCapstones.ArcadeMazeChomper","PackageIdentifier","Policy-Test-1.8"
"jgaa.WarSetup","sourceforge.net","InstallerUrl","Validation-Unapproved-URL"
"JiriPolasek.MediaControlsforCommandPalette","JiriPolasek.MediaControlsforCommandPalette","PackageIdentifier","Policy-Test-2.7"
"JiriPolasek.QRCodesforCommandPalette","JiriPolasek.QRCodesforCommandPalette","PackageIdentifier","Policy-Test-2.7"
"JohnWiseman.QtTermTCP","www.cantab.net","InstallerUrl","Validation-Domain"
"JORDAHL.JDSD","pohlcon.com","InstallerUrl","Validation-Domain"
"JORDAHL.JORDAHLEXPERT","pohlcon.com","InstallerUrl","Validation-Domain"
"JurgenRathlev.innounp","raw.githubusercontent.com","InstallerUrl","Validation-Domain"
"JustArchiNET.ArchiSteamFarm","JustArchiNET.ArchiSteamFarm","PackageIdentifier","Policy-Test-2.7"
"kangfenmao.CherryStudio","kangfenmao.CherryStudio","PackageIdentifier","Policy-Test-2.7"
"kangyu-california.PersistentWindows","kangyu-california.PersistentWindows","PackageIdentifier","Policy-Test-2.5"
"KarelDonk.WMFPreview","KarelDonk.WMFPreview","PackageIdentifier","Validation-No-Executables"
"KaringX.Karing","KaringX.Karing","PackageIdentifier","Policy-Test-1.2"
"KaufmannNO.ProgrammerDvorak","KaufmannNO.ProgrammerDvorak","PackageIdentifier","Validation-No-Executables"
"kawayiYokami.P-ai","kawayiYokami.P-ai","PackageIdentifier","Policy-Test-2.7"
"kayodante.Siphon","kayodante.Siphon","PackageIdentifier","Policy-Test-1.2"
"KDE.KStars","www.indilib.org","InstallerUrl","Validation-Domain"
"KDE.Parley","KDE.Parley","PackageIdentifier","Policy-Test-2.7"
"KeeperSecurity.KeeperDesktop","KeeperSecurity.KeeperDesktop","PackageIdentifier","Policy-Test-2.8"
"KeeyaiSoft.Flame","sourceforge.net","InstallerUrl","Validation-Unapproved-URL"
"Kenkun.AviUtl.Beta","spring-fragrance.mints.ne.jp","InstallerUrl","Validation-Domain"
"Kenkun.AviUtlExEdit2","spring-fragrance.mints.ne.jp","InstallerUrl","Validation-Domain"
"Kensington.KensingtonKonnect","accoblobstorageus.blob.core.windows.net","InstallerUrl","Validation-Domain"
"kevinberger-ch.SafePDFViewer","gitlab.com","InstallerUrl","Validation-Domain"
"KevinOttalini.SimpleMTUTest","qsextreme.com","InstallerUrl","Validation-Domain"
"KhronosGroup.VulkanSDK","KhronosGroup.VulkanSDK","PackageIdentifier","Policy-Test-2.7"
"KindaBrazy.LynxHub","KindaBrazy.LynxHub","PackageIdentifier","Policy-Test-1.2"
"KindaBrazy.LynxHub","KindaBrazy.LynxHub","PackageIdentifier","Policy-Test-2.9"
"Kingsoft.PowerWord","download.iciba.com","InstallerUrl","Validation-Domain"
"Kiwix.WikiMed","Kiwix.WikiMed","PackageIdentifier","Possible-Duplicate"
"Kiwix.WikiMed.Electron","Kiwix.WikiMed.Electron","PackageIdentifier","Possible-Duplicate"
"KoichiMomma.VESTA","www.jp-minerals.org","InstallerUrl","Validation-Domain"
"koprodev.Sumbo","koprodev.Sumbo","PackageIdentifier","Policy-Test-1.2"
"KPN.CertificaataanvraagAssistent","assets.ctfassets.net","InstallerUrl","Validation-Domain"
"KRTirtho.Flemozi","KRTirtho.Flemozi","PackageIdentifier","Validation-Installation-Error"
"krypdoh.MLB-TCKR","krypdoh.MLB-TCKR","PackageIdentifier","Policy-Test-2.9"
"Kubus.BCFManager.Revit.2022","download.bimcollab.com","InstallerUrl","Validation-Domain"
"Kubus.BCFManager.Revit.2023","download.bimcollab.com","InstallerUrl","Validation-Domain"
"Kubus.BCFManager.Revit.2024","download.bimcollab.com","InstallerUrl","Validation-Domain"
"Kubus.BCFManager.Revit.2025","download.bimcollab.com","InstallerUrl","Validation-Domain"
"Kubus.BCFManager.Standalone","download.bimcollab.com","InstallerUrl","Validation-Domain"
"kunobi-ninja.kunobi","kunobi-ninja.kunobi","PackageIdentifier","Policy-Test-2.5"
"kunobi-ninja.kunobi.Unstable","kunobi-ninja.kunobi.Unstable","PackageIdentifier","Policy-Test-2.5"
"KurtZimmermann.RegCool","KurtZimmermann.RegCool","PackageIdentifier","Validation-No-Executables"
"LarryESmith.FreeNFS","sourceforge.net","InstallerUrl","Validation-Unapproved-URL"
"Lascar.WiFiSensorSoftware","s3.amazonaws.com","InstallerUrl","Validation-Domain"
"Lazarus.Lazarus","sourceforge.net","InstallerUrl","Validation-Unapproved-URL"
"Lebo.Lebo","download.mirrorcast.cn","InstallerUrl","Validation-Domain"
"LEERINA.ShanaEncoder","sourceforge.net","InstallerUrl","Validation-Unapproved-URL"
"legeling.PromptHub","legeling.PromptHub","PackageIdentifier","Policy-Test-2.7"
"LeiGod.LeiGodAcc","LeiGod.LeiGodAcc","PackageIdentifier","Policy-Test-2.5"
"LeNgocKhoa.Laragon","github.com","InstallerUrl","URL-Validation-Error"
"LeoKlaus.HeadsetControl-GUI","LeoKlaus.HeadsetControl-GUI","PackageIdentifier","Policy-Test-1.2"
"LetsConnect.Client","codeberg.org","InstallerUrl","Validation-Domain"
"LibreWolf.LibreWolf","LibreWolf.LibreWolf","PackageIdentifier","Possible-Duplicate"
"LifeAt.LifeAt","download.todesktop.com","InstallerUrl","Validation-Domain"
"LifeAt.LifeAt","LifeAt.LifeAt","PackageIdentifier","Possible-Duplicate"
"LinearOrbit.Linear","download.todesktop.com","InstallerUrl","Validation-Domain"
"LiveForSpeed.LiveForSpeed","nlrtm1-edge2.cdn.i3d.net","InstallerUrl","Validation-Domain"
"LizardSystems.LanSend","LizardSystems.LanSend","PackageIdentifier","Policy-Test-1.2"
"LMCP.LocalMCP","download.local-mcp.com","InstallerUrl","Validation-Domain"
"Log4OM2.Log4OM2","www.log4om.com","InstallerUrl","Validation-Domain"
"Logitech.F710ConnectUtility","download01.logi.com","InstallerUrl","Validation-Domain"
"Logitech.OnboardMemoryManager","download01.logi.com","InstallerUrl","Validation-Domain"
"Logitech.Sync","Logitech.Sync","PackageIdentifier","Policy-Test-2.5"
"lonr-6.CCDesktopSwitch","lonr-6.CCDesktopSwitch","PackageIdentifier","Policy-Test-2.7"
"losoft.basics","download.palenquesoft.com","InstallerUrl","Validation-Domain"
"Lugrain.PingTool","Lugrain.PingTool","PackageIdentifier","Possible-Duplicate"
"luizzak.GIFViewer","sourceforge.net","InstallerUrl","Validation-Unapproved-Url"
"LukasHermann.stagetimer-io","storage.googleapis.com","InstallerUrl","Validation-Domain"
"luolangaga.ASG.Director","gitee.com","InstallerUrl","Validation-Domain"
"LuxTrust.LuxTrustMiddleware","gitlab.com","InstallerUrl","Validation-Domain"
"LwSoft.SoftwareDefinedConnectors","www.lw-sdc.com","InstallerUrl","Validation-Domain"
"Macabacus.Macabacus","Macabacus.Macabacus","PackageIdentifier","Validation-No-Executables"
"Macabacus.Macabacus","Macabacus.Macabacus","PackageIdentifier","Policy-Test-1.8"
"Macabacus.Macabacus","softwarecdn.blob.core.windows.net","InstallerUrl","Validation-Domain"
"MacmillanLearning.iClickerCloud","artifactory.reef-education.com","InstallerUrl","Validation-Domain"
"Magnate.SpeedManager","file2.speedtest.cn","InstallerUrl","Validation-Domain"
"Magnate.SpeedManager.Pro","file2.speedtest.cn","InstallerUrl","Validation-Domain"
"MAILPLUGInc.MAILPLUGMessengerDesktop","chat.mailplug.com","InstallerUrl","URL-Validation-Error"
"Makeblock.xToolCreativeSpace","storage-us.atomm.com","InstallerUrl","Validation-Domain"
"Makeblock.xToolStudio","storage-us.atomm.com","InstallerUrl","Validation-Domain"
"Makeblock.xToolStudio","storage.atomm.com","InstallerUrl","Validation-Domain"
"ManticoreSoftware.Weatherbot","files.mac-attic.com","InstallerUrl","Validation-Domain"
"MarcielDegasperi.MDBAdmin","onboardcloud.dl.sourceforge.net","InstallerUrl","Validation-Unapproved-URL"
"MarcielDegasperi.MDBAdmin","onboardcloud.dl.sourceforge.net","InstallerUrl","Validation-Domain"
"MarcoDAmato.WinContig","www.mdtzone.it","InstallerUrl","Validation-Domain"
"MartiCliment.UniGetUI","github.com","InstallerUrl","Validation-Domain"
"MartiCliment.UniGetUI","MartiCliment.UniGetUI","PackageIdentifier","Validation-No-Executables"
"MartiCliment.UniGetUI.Pre-Release","MartiCliment.UniGetUI.Pre-Release","PackageIdentifier","Validation-No-Executables"
"MasujiSUTO.StereoPhotoMaker","stereo.jpn.org","InstallerUrl","Validation-Domain"
"MaxCut.MaxCut","s3.amazonaws.com","InstallerUrl","Validation-Domain"
"MAXHUB.MAXHUBShare","ifpserver.com","InstallerUrl","Validation-Domain"
"MAXHUB.MAXHUBShare.CN","static.cvte.com","InstallerUrl","Validation-Domain"
"Maxthon.Maxthon","github.com","InstallerUrl","Policy-Test-2.9"
"medialab.xan","medialab.xan","PackageIdentifier","Policy-Test-2.7"
"medialab.xan","medialab.xan","PackageIdentifier","Policy-Test-2.7"
"megamega39.doujin-player","megamega39.doujin-player","PackageIdentifier","Policy-Test-1.2"
"melon-masou.MonMouse","melon-masou.MonMouse","PackageIdentifier","Policy-Test-1.2"
"mendelson.AS2","sourceforge.net","InstallerUrl","Validation-Unapproved-URL"
"Mergiraf.Mergiraf","codeberg.org","InstallerUrl","Validation-Domain"
"MeshCore.MeshCore","files.liamcottle.net","InstallerUrl","Validation-Domain"
"MeshIntelligentTechnologies.PiecesCLI","storage.googleapis.com","InstallerUrl","Validation-Domain"
"mesonbuild.meson","mesonbuild.meson","PackageIdentifier","Policy-Test-2.5"
"Meta.QuestRemoteDesktop","securecdn.oculus.com","InstallerUrl","Validation-Domain"
"miaotouy.AIOHub","miaotouy.AIOHub","PackageIdentifier","Policy-Test-1.2"
"michalhavranek.wphfxwin","bitbucket.org","InstallerUrl","Validation-Domain"
"MicroDicom.DICOMViewer","MicroDicom.DICOMViewer","PackageIdentifier","Policy-Test-1.2"
"MicroDicom.ShellExtension","MicroDicom.ShellExtension","PackageIdentifier","Validation-No-Executables"
"Microsoft.AdministrativeTemplates","Microsoft.AdministrativeTemplates","PackageIdentifier","Validation-No-Executables"
"Microsoft.DependencyAgent","da-release-ehacb6gnczcma8hc.b01.azurefd.net","InstallerUrl","Validation-Domain"
"Microsoft.DependencyWalker","Microsoft.DependencyWalker","PackageIdentifier","Policy-Test-2.7"
"Microsoft.DotNet.dotnet-ef","globalcdn.nuget.org","InstallerUrl","Validation-Domain"
"Microsoft.DotNet.Framework.Runtime","Microsoft.DotNet.Framework.Runtime","PackageIdentifier","Validation-No-Executables"
"Microsoft.DotNet.UninstallTool","Microsoft.DotNet.UninstallTool","PackageIdentifier","Validation-No-Executables"
"Microsoft.Firewire1394LegacyDriver","Microsoft.Firewire1394LegacyDriver","PackageIdentifier","Validation-No-Executables"
"Microsoft.Gaming.GamingServicesRepairTool","dlassets-ssl.xboxlive.com","InstallerUrl","Validation-Domain"
"Microsoft.Gaming.GDK","Microsoft.Gaming.GDK","PackageIdentifier","Validation-Agreement-Domain"
"Microsoft.Gaming.RemoteIterationClient","Microsoft.Gaming.RemoteIterationClient","PackageIdentifier","Validation-Agreement-Domain"
"Microsoft.Gaming.RemoteIterationEndpoint","Microsoft.Gaming.RemoteIterationEndpoint","PackageIdentifier","Validation-Agreement-Domain"
"Microsoft.Office.2010.FilterPacks","Microsoft.Office.2010.FilterPacks","PackageIdentifier","Validation-No-Executables"
"Microsoft.OpenJDK.25","aka.ms","InstallerUrl","Validation-Domain"
"Microsoft.RemoteDesktopClient","res.cdn.office.net","InstallerUrl","Validation-Domain"
"Microsoft.RemoteDesktopClient","Microsoft.Skype","PackageIdentifier","Policy-Test-2.5"
"Microsoft.RemoteDesktopMMRService","intstreamreleases.z22.web.core.windows.net","InstallerUrl","Validation-Domain"
"Microsoft.ServerSpeechPlatformRuntime","Microsoft.ServerSpeechPlatformRuntime","PackageIdentifier","Validation-No-Executables"
"Microsoft.ServiceFabricRuntime","Microsoft.ServiceFabricRuntime","PackageIdentifier","Validation-No-Executables"
"Microsoft.Skype","Microsoft.Skype","PackageIdentifier","Policy-Test-2.5"
"Microsoft.Skype","download.skype.com","InstallerUrl","Validation-Domain"
"Microsoft.Sysinternals.MoveFile","Microsoft.Sysinternals.MoveFile","PackageIdentifier","Possible-Duplicate"
"Microsoft.Sysinternals.MoveFile","Microsoft.Sysinternals.MoveFile","PackageIdentifier","Possible-Duplicate"
"Microsoft.Sysinternals.PendMoves","Microsoft.Sysinternals.PendMoves","PackageIdentifier","Possible-Duplicate"
"Microsoft.Sysinternals.PendMoves","Microsoft.Sysinternals.PendMoves","PackageIdentifier","Possible-Duplicate"
"Microsoft.UI.Xaml.2.5","Microsoft.UI.Xaml.2.5","PackageIdentifier","Validation-No-Executables"
"Microsoft.UI.Xaml.2.5","globalcdn.nuget.org","InstallerUrl","Validation-Domain"
"Microsoft.UI.Xaml.2.6","globalcdn.nuget.org","InstallerUrl","Validation-Domain"
"Microsoft.UI.Xaml.2.6","Microsoft.UI.Xaml.2.6","PackageIdentifier","Validation-No-Executables"
"Microsoft.VisualStudio.2022.Community","aka.ms","InstallerUrl","Validation-Domain"
"Microsoft.VisualStudio.Community","aka.ms","InstallerUrl","Validation-Domain"
"Microsoft.VisualStudio.Professional.Insiders","aka.ms","InstallerUrl","Validation-Domain"
"Microsoft.WindowsAppRuntime.1.6","aka.ms","InstallerUrl","Validation-Domain"
"Microsoft.WindowsAppRuntime.1.8","aka.ms","InstallerUrl","Validation-Domain"
"Microsoft.WindowsAppRuntime.2","aka.ms","InstallerUrl","Validation-Domain"
"Microsoft.WindowsAppRuntime.2.0","aka.ms","InstallerUrl","Validation-Domain"
"Microsoft.WindowsAppRuntime.2.1","aka.ms","InstallerUrl","Validation-Domain"
"Microsoft.WindowsAppRuntime.2.2","aka.ms","InstallerUrl","Validation-Domain"
"mikf.gallery-dl","codeberg.org","InstallerUrl","Validation-Domain"
"Mikrotik.Netinstall","Mikrotik.Netinstall","PackageIdentifier","Policy-Test-1.2"
"MillerPuckette.Pd64","puredata.info","InstallerUrl","Validation-Domain"
"Mimecast.MimecastForOutlook","Mimecast.MimecastForOutlook","PackageIdentifier","Possible-Duplicate"
"Mimecast.MimecastSynchronizationEngine","Mimecast.MimecastSynchronizationEngine","PackageIdentifier","Possible-Duplicate"
"MinistryOfEducationOfThePRC.SmartSchools","download.ykt.cbern.com.cn","InstallerUrl","Validation-Domain"
"MintplexLabs.AnythingLLM","cdn.useanything.com","InstallerUrl","Validation-Domain"
"MiTeC.SMBIOSExplorer","MiTeC.SMBIOSExplorer","PackageIdentifier","Policy-Test-2.7"
"Mitel.MitelConnect","upgrade01.sky.shoretel.com","InstallerUrl","Validation-Domain"
"mmozeiko.TwitchNotify","raw.githubusercontent.com","InstallerUrl","Validation-Domain"
"mmozeiko.wcap","raw.githubusercontent.com","InstallerUrl","Validation-Domain"
"ModelScope.FlowBench","muse-ai.oss-cn-hangzhou.aliyuncs.com","InstallerUrl","Validation-Domain"
"Modyfi.Modyfi","download.todesktop.com","InstallerUrl","Validation-Domain"
"Moises.Moises","download.todesktop.com","InstallerUrl","Validation-Domain"
"monkeyWie.Gopeed","monkeyWie.Gopeed","PackageIdentifier","Policy-Test-2.7"
"monkeyWie.Gopeed.Web","monkeyWie.Gopeed.Web","PackageIdentifier","Policy-Test-2.7"
"MonkfishXMLSoftware.XMLBlueprint.22","filedn.eu","InstallerUrl","Validation-Domain"
"Morgen.Morgen","download.todesktop.com","InstallerUrl","Validation-Domain"
"Morningstar.MorningstarDirectPrerequisite","Morningstar.MorningstarDirectPrerequisite","PackageIdentifier","Validation-No-Executables"
"Mossmouth.SpelunkyClassic","www.derekyu.com","InstallerUrl","Validation-Domain"
"Movavi.MovaviPhotoEditor","Movavi.MovaviPhotoEditor","PackageIdentifier","Policy-Test-1.2"
"Mozilla.SeaMonkey","s3.osuosl.org","InstallerUrl","Validation-Domain"
"mpv.mpv","nightly.link","InstallerUrl","Validation-Domain"
"NanJingWangYa.OsMonitor","www.os-monitor.com","InstallerUrl","Validation-Domain"
"Naruto.GbasicSimulator","nrtdrv.sakura.ne.jp","InstallerUrl","Validation-Domain"
"Natthasath.ExamTimer","Natthasath.ExamTimer","PackageIdentifier","Policy-Test-1.2"
"NAVER.Whale","NAVER.Whale","PackageIdentifier","Validation-No-Executables"
"NAVERWEBTOONLtd.SeriesComicViewer","appdown.pstatic.net","InstallerUrl","Validation-Domain"
"Navratovi.RemoteBoulderTimer","download.navrat.name","InstallerUrl","Validation-Domain"
"NDI.NDIRuntime","NDI.NDIRuntime","PackageIdentifier","Validation-No-Executables"
"NearAI.IronClaw","NearAI.IronClaw","PackageIdentifier","Policy-Test-2.7"
"nekohy.MeowCLI","nekohy.MeowCLI","PackageIdentifier","Policy-Test-1.2"
"NelsonNumericalSoftware.Nelson","NelsonNumericalSoftware.Nelson","PackageIdentifier","Policy-Test-2.7"
"NetEase.CloudMusic","d8.music.126.net","InstallerUrl","Validation-Domain"
"NetEase.CloudMusicXStudio","NetEase.CloudMusicXStudio","PackageIdentifier","Validation-No-Executables"
"NetEase.LobsterAI","NetEase.LobsterAI","PackageIdentifier","Policy-Test-2.7"
"NewBreedSoftware.TuxPaint","sourceforge.net","InstallerUrl","Validation-unapproved-URL"
"Newforma.Konekt.Addin.Autodesk","cdn.bimtrackapp.co","InstallerUrl","Validation-Domain"
"NFC21.Writer.Portable","files.nfc-tag-shop.de","InstallerUrl","Validation-Domain"
"NICESoftware.AmazonDCVClient","d1uj6qtbmh3dt5.cloudfront.net","InstallerUrl","Validation-Domain"
"NICESoftware.AmazonDCVServer","d1uj6qtbmh3dt5.cloudfront.net","InstallerUrl","Validation-Domain"
"NICESoftware.AmazonDCVSessionManagerAgent","d1uj6qtbmh3dt5.cloudfront.net","InstallerUrl","Validation-Domain"
"NICESoftware.AmazonDCVVirtualDisplay","d1uj6qtbmh3dt5.cloudfront.net","InstallerUrl","Validation-Domain"
"NinjaCheetah.NUSGet","NinjaCheetah.NUSGet","PackageIdentifier","Policy-Test-2.5"
"NirSoft.IconsExtract","NirSoft.IconsExtract","PackageIdentifier","Policy-Test-2.7"
"NirSoft.ResourcesExtract","NirSoft.ResourcesExtract","PackageIdentifier","Policy-Test-2.7"
"NirSoft.UninstallView","NirSoft.UninstallView","PackageIdentifier","Validation-No-Executables"
"nistech.Qualli-life","download13.qualli.de","InstallerUrl","Validation-Domain"
"NIUBI.PartitionEditor.Enterprise","www.hdd-tool.com","InstallerUrl","Validation-Domain"
"NIUBI.PartitionEditor.Free","www.hdd-tool.com","InstallerUrl","Validation-Domain"
"NIUBI.PartitionEditor.Professional","www.hdd-tool.com","InstallerUrl","Validation-Domain"
"NIUBI.PartitionEditor.Server","www.hdd-tool.com","InstallerUrl","Validation-Domain"
"NIUBI.PartitionEditor.Technician","www.hdd-tool.com","InstallerUrl","Validation-Domain"
"nkdAgility.AzureDevOpsMigrationTools","nkdAgility.AzureDevOpsMigrationTools","PackageIdentifier","Policy-Test-2.7"
"nkdAgility.AzureDevOpsMigrationTools.Preview","nkdAgility.AzureDevOpsMigrationTools.Preview","PackageIdentifier","Policy-Test-2.7"
"NoMachine.NoMachine","NoMachine.NoMachine","PackageIdentifier","Policy-Test-2.5"
"NoMachine.NoMachine.CloudServer","NoMachine.NoMachine.CloudServer","PackageIdentifier","Policy-Test-2.5"
"NoMachine.NoMachine.EnterpriseClient","NoMachine.NoMachine.EnterpriseClient","PackageIdentifier","Policy-Test-2.5"
"NoMachine.NoMachine.EnterpriseCloudServer","NoMachine.NoMachine.EnterpriseCloudServer","PackageIdentifier","Policy-Test-2.5"
"NoMachine.NoMachine.EnterpriseCloudServerCluster","NoMachine.NoMachine.EnterpriseCloudServerCluster","PackageIdentifier","Policy-Test-2.5"
"NoMachine.NoMachine.EnterpriseDesktop","NoMachine.NoMachine.EnterpriseDesktop","PackageIdentifier","Policy-Test-2.5"
"NoMachine.NoMachine.SmallBusinessCloudServer","NoMachine.NoMachine.SmallBusinessCloudServer","PackageIdentifier","Policy-Test-2.5"
"NordSecurity.NordLocker","NordSecurity.NordLocker","PackageIdentifier","Policy-Test-2.5"
"nostar.DroidStar","pizzanbeer.net","InstallerUrl","Validation-Domain"
"Notion.NotionCalendar","download.todesktop.com","InstallerUrl","Validation-Domain"
"NovationDMS.LaunchkeyMK4Cubase","fael-downloads-prod.focusrite.com","InstallerUrl","Validation-Domain"
"NovationDMS.LaunchkeyMK4Cubase","NovationDMS.LaunchkeyMK4Cubase","PackageIdentifier","Validation-No-Executables"
"NRaas.Packer","www.dropbox.com","InstallerUrl","Validation-Domain"
"Nuclino.Nuclino","s3-eu-central-1.amazonaws.com","InstallerUrl","Validation-Domain"
"Nutstore.EO2","dc-pkg-cdn.jianguoyun.com","InstallerUrl","Validation-Domain"
"NVAccess.NVDA.Beta","NVAccess.NVDA.Beta","PackageIdentifier","Validation-No-Executables"
"Objective.Trapeze","s3-ap-southeast-2.amazonaws.com","InstallerUrl","Validation-Domain"
"obot-platform.obot","obot-platform.obot","PackageIdentifier","Policy-Test-2.7"
"OctopusData.Octoparse","OctopusData.Octoparse","PackageIdentifier","Policy-Test-2.7"
"OctopusData.Octoparse.CN","OctopusData.Octoparse.CN","PackageIdentifier","Policy-Test-2.7"
"OctopusData.Octoparse.CN","download.bazhuayu.com","InstallerUrl","validation-domain"
"ODA.ODADrawingsExplorer","www.opendesign.com","InstallerUrl","Validation-Domain"
"ODA.ODADrawingsExplorer","ODA.ODADrawingsExplorer","PackageIdentifier","Policy-Test-2.7"
"ODA.ODAFileConverter","www.opendesign.com","InstallerUrl","Validation-Domain"
"ODA.ODAViewer","www.opendesign.com","InstallerUrl","Validation-Domain"
"OdinoCano.3va","OdinoCano.3va","PackageIdentifier","Policy-Test-2.7"
"OdinoCano.3va","OdinoCano.3va","PackageIdentifier","Policy-Test-2.7"
"OK1DIX.VUSC4WIN","www.ok2kkw.com","InstallerUrl","Validation-Domain"
"OliverSchwendener.ueli","github.com","InstallerUrl","URL-Validation-Error"
"Onkyo.X-ME11DSPSoftware","cdn.shopify.com","InstallerUrl","Validation-Domain"
"OpenDataLab.MinerU","webpub.shlab.tech","InstallerUrl","Validation-Domain"
"OpenRGB.OpenRGB","codeberg.org","InstallerUrl","Validation-Domain"
"OpenRGB.OpenRGBEffectsPlugin","codeberg.org","InstallerUrl","Validation-Domain"
"OpenRGB.OpenRGBHardwareSyncPlugin","codeberg.org","InstallerUrl","Validation-Domain"
"OpenRGB.OpenRGBVisualMapPlugin","codeberg.org","InstallerUrl","Validation-Domain"
"OpenSourcePhysics.Tracker","physlets.org","InstallerUrl","Validation-Domain"
"Orica.SHOTPlus","downloads.blastiq.com","InstallerUrl","Validation-Domain"
"Orica.SHOTPlus.Tunnel","downloads.blastiq.com","InstallerUrl","Validation-Domain"
"Orica.SHOTPlus.Underground","downloads.blastiq.com","InstallerUrl","Validation-Domain"
"OSGeo.QGIS_LTR","qgis.org","InstallerUrl","URL-Validation-Error"
"OWASP.ThreatDragon","OWASP.ThreatDragon","PackageIdentifier","Policy-Test-2.8"
"PaloAltoNetworks.PrismaAccessBrowser","updates.talon-sec.com","InstallerUrl","Validation-Domain"
"paolosalvatori.ServiceBusExplorer","paolosalvatori.ServiceBusExplorer","PackageIdentifier","Policy-Test-2.7"
"paolosalvatori.ServiceBusExplorer.Preview","paolosalvatori.ServiceBusExplorer.Preview","PackageIdentifier","Policy-Test-2.7"
"ParanoiaWorks.PFTE","ParanoiaWorks.PFTE","PackageIdentifier","Policy-Test-2.7"
"PassMark.ImageUSB","www.osforensics.com","InstallerUrl","Validation-Domain"
"PassMark.OSFClone","www.osforensics.com","InstallerUrl","Validation-Domain"
"PassMark.OSFMount","www.osforensics.com","InstallerUrl","Validation-Domain"
"PassMark.VolatilityWorkbench","www.osforensics.com","InstallerUrl","Validation-Domain"
"PassMark.WirelessMon","PassMark.WirelessMon","PackageIdentifier","Policy-Test-2.7"
"PaytaLab.PassOrder","d2myxtdr0j6t4e.cloudfront.net","InstallerUrl","Validation-Domain"
"PCTI.OrphanRehomer.Scotland","apps.docman.com","InstallerUrl","Validation-Domain"
"pcvisit.pcvisitRemoteHost","d1kh5e79chg49w.cloudfront.net","InstallerUrl","Validation-Domain"
"pcvisit.pcvisitSupport","d1kh5e79chg49w.cloudfront.net","InstallerUrl","Validation-Domain"
"PerfectGym.DeviceIntegrator","PerfectGym.DeviceIntegrator","PackageIdentifier","Policy-Test-2.5"
"Perplexity.Perplexity","download.todesktop.com","InstallerUrl","Validation-Domain"
"Peters.Horizon","Peters.Horizon","PackageIdentifier","Policy-Test-1.2"
"Pexip.Pexip.Service","static.videxio.net","InstallerUrl","Validation-Domain"
"Philips.Interact","www.datocms-assets.com","InstallerUrl","Validation-Domain"
"Philips.SmartControl","gz-dlsw.tpv-tech.com","InstallerUrl","Validation-Domain"
"Philips.SpeechLive","speech-desktop-app-update.speech.com","InstallerUrl","Validation-Domain"
"Philips.SpeechLive.MSI","speech-desktop-app-update.speech.com","InstallerUrl","Validation-Domain"
"Phrase.Phrase","download.memsource.com","InstallerUrl","Validation-Domain"
"Pinnacle21.Pinnacle21.Community","dthfq9xldm1jq.cloudfront.net","InstallerUrl","Validation-Domain"
"Piriform.CCleaner","bits.avcdn.net","InstallerUrl","Validation-Domain"
"Piriform.CCleaner.Slim","bits.avcdn.net","InstallerUrl","Validation-Domain"
"PixPin.PixPin","PixPin.PixPin","PackageIdentifier","Possible-Duplicate"
"PixPin.PixPin.Beta","PixPin.PixPin.Beta","PackageIdentifier","Possible-Duplicate"
"Playdate.Mirror","download.panic.com","InstallerUrl","Validation-Domain"
"pljones.s3pe","sourceforge.net","InstallerUrl","Validation-Unapproved-URL"
"PMDSoftware.HEICConverter","pub-ed7cb43c06ce49939ef45cab106471bd.r2.dev","InstallerUrl","Validation-Domain"
"PopcornTime.Popcorn-Time","PopcornTime.Popcorn-Time","PackageIdentifier","Policy-Test-2.7"
"PortableApps.PortableAppsPlatform","sourceforge.net","InstallerUrl","Validation-Unapproved-URL"
"PostgreSQL.PostgreSQL.13","get.enterprisedb.com","InstallerUrl","Validation-Domain"
"PostgreSQL.PostgreSQL.14","get.enterprisedb.com","InstallerUrl","Validation-Domain"
"PostgreSQL.PostgreSQL.15","get.enterprisedb.com","InstallerUrl","Validation-Domain"
"PostgreSQL.PostgreSQL.17","get.enterprisedb.com","InstallerUrl","Validation-Domain"
"PostgreSQL.PostgreSQL.18","get.enterprisedb.com","InstallerUrl","Validation-Domain"
"Power-user.Power-user","powerusersoftware.com","InstallerUrl","Validation-Domain"
"PRelectronics.PReset","PRelectronics.PReset","PackageIdentifier","Policy-Test-1.2"
"PressReader.PressReader.Classic","cache-scripts.pressdisplay.com","InstallerUrl","Validation-Domain"
"PrettyOakTree.EXIFmod","PrettyOakTree.EXIFmod","PackageIdentifier","Policy-Test-1.2"
"Privax.HMAVPN","www.hidemyass.com","InstallerUrl","Validation-Domain"
"ProgdigySoftwareS.A.R.L.CDisplayEx","ProgdigySoftwareS.A.R.L.CDisplayEx","PackageIdentifier","Policy-Test-2.5"
"ProjectLibre.ProjectLibre","sourceforge.net","InstallerUrl","Validation-Unapproved-URL"
"Prometheus.WindowsExporter","Prometheus.WindowsExporter","PackageIdentifier","Policy-Test-2.7"
"Psi.Psi","sourceforge.net","InstallerUrl","Validation-Unapproved-URL"
"PulseHD.PulseHD","storage.googleapis.com","InstallerUrl","Validation-Domain"
"PVS-Studio.PVS-Studio","PVS-Studio.PVS-Studio","PackageIdentifier","Policy-Test-2.7"
"PXStudio.OpenPnt","codeberg.org","InstallerUrl","Validation-Domain"
"Pyonkichi.CLaunch","ss1.xrea.com","InstallerUrl","Validation-Domain"
"PyPy.PyPy.2.7","downloads.python.org","InstallerUrl","Validation-Domain"
"PyPy.PyPy.3.10","downloads.python.org","InstallerUrl","Validation-Domain"
"PyPy.PyPy.3.11","downloads.python.org","InstallerUrl","Validation-Domain"
"PyPy.PyPy.3.6","downloads.python.org","InstallerUrl","Validation-Domain"
"PyPy.PyPy.3.7","downloads.python.org","InstallerUrl","Validation-Domain"
"PyPy.PyPy.3.9","downloads.python.org","InstallerUrl","Validation-Domain"
"qBittorrent.qBittorrent","sourceforge.net","InstallerUrl","Validation-Domain"
"qBittorrent.qBittorrent.lt2","sourceforge.net","InstallerUrl","Validation-Domain"
"qingchencloud.cftunnel","qingchencloud.cftunnel","PackageIdentifier","Policy-Test-2.7"
"Qingfeng.HeyboxChat","macc.max-c.com","InstallerUrl","Validation-Domain"
"QingJ01.Pebble","QingJ01.Pebble","PackageIdentifier","Policy-Test-2.7"
"QuestPDF.Companion","QuestPDF.Companion","PackageIdentifier","Policy-Test-2.7"
"RaisingTheFloor.Morphic","d23vryjv7k8eyb.cloudfront.net","InstallerUrl","Validation-Domain"
"Rakuten.Viber","Rakuten.Viber","PackageIdentifier","Policy-Test-2.5"
"RayHinchliffe.SIV","delivery2.filecroco.com","InstallerUrl","Validation-Domain"
"RbDevOps.HMPraxis","downloads.rb-devops.com","InstallerUrl","Validation-Domain"
"ReactOS.RosBE","ReactOS.RosBE","PackageIdentifier","Policy-Test-2.5"
"REALiX.HWiNFO","www.sac.sk","InstallerUrl","Validation-Domain"
"RealNetworks.RealPlayer","cache-download.real.com","InstallerUrl","Validation-Domain"
"RedisInsight.RedisInsight","s3.amazonaws.com","InstallerUrl","Validation-Domain"
"Remeha.PRO","pcstwinget.blob.core.windows.net","InstallerUrl","Validation-Domain"
"ReversingLabs.SAFEViewer","downloads.secure.software","InstallerUrl","Validation-Domain"
"Revopoint.RevoDesign","www.quicksurface.com","InstallerUrl","Validation-Domain"
"RHash.RHash","downloads.sourceforge.net","InstallerUrl","Validation-Unapproved-URL"
"Rheoecho.leafsheep","codeberg.org","InstallerUrl","Validation-Domain"
"RigSmith.ShipRig","RigSmith.ShipRig","PackageIdentifier","Policy-Test-1.2"
"Ringler.SnapformViewer","mirror1.steuersoftware.ch","InstallerUrl","Validation-Domain"
"Roblox.RobloxStudio","setup.rbxcdn.com","InstallerUrl","Validation-Domain"
"Robomatter.ROBOTC.LEGOMindstorms","www.robotvirtualworlds.com","InstallerUrl","Validation-Domain"
"Robomatter.ROBOTC.VEXRobotics","www.robotvirtualworlds.com","InstallerUrl","Validation-Domain"
"Robomatter.RobotVirtualWorlds.OperationReset","Robomatter.RobotVirtualWorlds.OperationReset","PackageIdentifier","Policy-Test-1.2"
"RossRidge.mymc","www.csclub.uwaterloo.ca:11068","InstallerUrl","Validation-Domain"
"RoxyBrowser.RoxyBrowser","sgp1.vultrobjects.com","InstallerUrl","Validation-Domain"
"rullerzhou-afk.clawd-on-desk","rullerzhou-afk.clawd-on-desk","PackageIdentifier","Policy-Test-2.7"
"rumyp.donkeytype","rumyp.donkeytype","PackageIdentifier","Policy-Test-2.9"
"RystadEnergy.CubeBrowser","RystadEnergy.CubeBrowser","PackageIdentifier","Validation-Domain"
"SaeraSoft.CaesiumCLT","SaeraSoft.CaesiumCLT","PackageIdentifier","Policy-Test-2.9"
"SakuraFrp.SakuraLauncher","nya.globalslb.net","InstallerUrl","Validation-Domain"
"SaltStack.SaltMinion","packages.broadcom.com","InstallerUrl","Validation-Domain"
"SalvatoreSorvillo.VistaCare","SalvatoreSorvillo.VistaCare","PackageIdentifier","Policy-Test-1.2"
"Samsung.Odin","xdaforums.com","InstallerUrl","Validation-Domain"
"SAP.btp","tools.hana.ondemand.com","InstallerUrl","Validation-Domain"
"SatSignal.Runtimes","SatSignal.Runtimes","PackageIdentifier","Validation-No-Executables"
"SBCL.SBCL","prdownloads.sourceforge.net","InstallerUrl","Validation-Domain"
"SchoolCraft.WorksheetCrafter","www.hidrive.strato.com","InstallerUrl","Validation-Domain"
"Schrodinger.PyMOL","storage.googleapis.com","InstallerUrl","Validation-Domain"
"SCS.Alpha","www.p4dragon.com","InstallerUrl","Validation-Domain"
"sdercolin.recstar","sdercolin.recstar","PackageIdentifier","Policy-Test-1.8"
"Seafile.Seadrive","s3.eu-central-1.amazonaws.com","InstallerUrl","Validation-domain"
"Seafile.Seadrive","sos-ch-dk-2.exo.io","InstallerUrl","Validation-Domain"
"Seafile.Seafile","sos-ch-dk-2.exo.io","InstallerUrl","Validation-Domain"
"Seiraiyu.Keon","kisenon.com","InstallerUrl","Validation-Domain"
"SejinChun.Imagine","www.nyam.pe.kr","InstallerUrl","Validation-Domain"
"selftitledstudio.Fey","download.gamejolt.net","InstallerUrl","Validation-Domain"
"SenseTime.ads-cli","quark.aoss.cn-sh-01.sensecoreapi-oss.cn","InstallerUrl","Validation-Domain"
"SevIQ.ThemeToggle","SevIQ.ThemeToggle","PackageIdentifier","Policy-Test-2.7"
"Shade.Shade","storage.googleapis.com","InstallerUrl","Validation-Domain"
"Shemeshg.MidiRouterClient","downloads.sourceforge.net","InstallerUrl","Validation-Unapproved-URL"
"Shemeshg.PassSimple ","downloads.sourceforge.net","InstallerUrl","Validation-Unapproved-URL"
"shihuili1218.RSSH","shihuili1218.RSSH","PackageIdentifier","Policy-Test-2.7"
"ShiningLight.OpenSSL","slproweb.com","InstallerUrl","Validation-Domain"
"ShiningLight.OpenSSL.Dev","slproweb.com","InstallerUrl","Validation-Domain"
"shinovon.KEmnn","shinovon.KEmnn","PackageIdentifier","Validation-No-Executables"
"SiarheiKuchuk.ScreenshotAnnotator","SiarheiKuchuk.ScreenshotAnnotator","PackageIdentifier","Policy-Test-2.9"
"SiarheiKuchuk.ScreenshotAnnotator","SiarheiKuchuk.ScreenshotAnnotator","PackageIdentifier","Policy-Test-2.7"
"SignerLabs.Klee.CPU ","dvnr1hi9fanyr.cloudfront.net","InstallerUrl","Validation-Domain"
"SignerLabs.Klee.CUDA","dvnr1hi9fanyr.cloudfront.net","InstallerUrl","Validation-Domain"
"Signiant.Kyno","cdn.lesspain.software","InstallerUrl","Validation-Domain"
"Silhouette.SilhouetteStudio","d62nvtdcnsm38.cloudfront.net","InstallerUrl","Validation-Domain"
"SillyKoalaHugs.BabySmash","sillykoala.eu.org","InstallerUrl","Validation-Domain"
"SillyKoalaHugs.FerrariCreator","sillykoala.eu.org","InstallerUrl","Validation-Domain"
"SillyKoalaHugs.IdleEucalytus","sillykoala.eu.org","InstallerUrl","Validation-Domain"
"SillyKoalaHugs.UndeadKoalasAttack","sillykoala.eu.org","InstallerUrl","Validation-Domain"
"SimonG4ELI.SDR-Radio.Beta","www.dropbox.com","InstallerUrl","Validation-Domain"
"SimonG4ELI.SDR-Television","www.dropbox.com","InstallerUrl","Validation-Domain"
"SimpleTex.SimpleTex","gitee.com","InstallerUrl","Validation-Domain"
"sixspot.freescan","drive.google.com","InstallerUrl","Validation-Domain"
"SJMC.SJMCL","mc.sjtu.cn","InstallerUrl","Validation-Domain"
"Slite.Slite","download.todesktop.com","InstallerUrl","Validation-Domain"
"slp-studio.LinuxPractice","slp-studio.LinuxPractice","PackageIdentifier","Possible-Duplicate"
"SmartBear.ReadyAPI","dl.eviware.com","InstallerUrl","Validation-Domain"
"SmartBear.ReadyAPILoadUIAgent","dl.eviware.com","InstallerUrl","Validation-Domain"
"SmartBear.ReadyAPITestEngine","dl.eviware.com","InstallerUrl","Validation-Domain"
"SmartBear.ReadyAPIVirtServer","dl.eviware.com","InstallerUrl","Validation-Domain"
"Snowflake.SnowflakeCLI","Snowflake.SnowflakeCLI","PackageIdentifier","Policy-Test-2.7"
"Softpcapps.MaximizeAlways","www.4dots-software.com","InstallerUrl","Validation-Domain"
"Softpcapps.MinimizetoTrayTool","www.4dots-software.com","InstallerUrl","Validation-Domain"
"Softpcapps.MinimizetoTrayTool","Softpcapps.MinimizetoTrayTool","PackageIdentifier","Policy-Test-2.7"
"Softplicity.PDFCombinePro","www.coolutils.com","InstallerUrl","Validation-Domain"
"Softplicity.TotalAudioConverter","Softplicity.TotalAudioConverter","PackageIdentifier","Policy-Test-2.8"
"Softplicity.TotalAudioConverter","www.coolutils.com","InstallerUrl","Validation-Domain"
"Softplicity.TotalAudioConverter","Softplicity.TotalAudioConverter","PackageIdentifier","Policy-Test-2.3"
"Softplicity.TotalCADConverter","www.coolutils.com","InstallerUrl","Validation-Domain"
"Softplicity.TotalCSVConverter","www.coolutils.com","InstallerUrl","Validation-Domain"
"Softplicity.TotalExcelConverter","www.coolutils.com","InstallerUrl","Validation-Domain"
"Softplicity.TotalMailConverter","www.coolutils.com","InstallerUrl","Validation-Domain"
"Softplicity.TotalMailConverterPro","www.coolutils.com","InstallerUrl","Validation-Domain"
"Softplicity.TotalMovieConverter","www.coolutils.com","InstallerUrl","Validation-Domain"
"Softplicity.TotalOutlookConverter","www.coolutils.com","InstallerUrl","Validation-Domain"
"Softplicity.TotalOutlookConverterPro","www.coolutils.com","InstallerUrl","Validation-Domain"
"Softplicity.TotalPDFConverter","www.coolutils.com","InstallerUrl","Validation-Domain"
"Softplicity.TotalThunderbirdConverter","www.coolutils.com","InstallerUrl","Validation-Domain"
"Softplicity.TotalThunderbirdConverterPro","www.coolutils.com","InstallerUrl","Validation-Domain"
"Softplicity.TotalXMLConverter","www.coolutils.com","InstallerUrl","Validation-Domain"
"SolidClouds.Frontiers","starbornecdn.azureedge.net","InstallerUrl","Validation-Domain"
"Solidigm.StorageTool","sdmsdfwdriver.blob.core.windows.net","InstallerUrl","Validation-Domain"
"SonicWall.CloudSecureEdge","www.banyanops.com","InstallerUrl","Validation-Domain"
"Sony.XperiaCompanion","Sony.XperiaCompanion","PackageIdentifier","Policy-Test-1.2"
"sourcegit-scm.SourceGit","sourcegit-scm.SourceGit","PackageIdentifier","Validation-No-Executables"
"SouthRiverTechnologies.WebDrive","srtcdnstorage.blob.core.windows.net","InstallerUrl","Validation-Domain"
"Sparkol.VideoScribe","s3.amazonaws.com","InstallerUrl","Validation-Domain"
"srwi.EverythingToolbar.Launcher","srwi.EverythingToolbar.Launcher","PackageIdentifier","Possible-Duplicate"
"StanleyBlack&Decker.DewaltDesignAssist","ddawebsite-prod.azurewebsites.net","InstallerUrl","Validation-Domain"
"StartIsBack.StartAllBack","StartIsBack.StartAllBack","PackageIdentifier","Policy-Test-2.9"
"StartIsBack.StartAllBack","StartIsBack.StartAllBack","PackageIdentifier","Policy-Test-2.7"
"Steady.Steady","download.todesktop.com","InstallerUrl","Validation-Domain"
"Stellantis.PeugeotUpdate","d1tik0o5ahgjm.cloudfront.net","InstallerUrl","Validation-Domain"
"StellarDataRecovery.StellarPhotoRecovery","StellarDataRecovery.StellarPhotoRecovery","PackageIdentifier","Policy-Test-2.5"
"Stellarium.Stellarium","Stellarium.Stellarium","PackageIdentifier","Policy-Test-2.7"
"Stevenaaus.ScidvsPC","sourceforge.net","InstallerUrl","Validation-Unapproved-URL"
"StevenMayall.MusicBee","StevenMayall.MusicBee","PackageIdentifier","Validation-No-Executables"
"Stilog.VPDeskLauncher","www.visual-planning.com","InstallerUrl","Validation-Domain"
"streamingdv.PXPlay","streamingdv.PXPlay","PackageIdentifier","Validation-Agreement-Domain"
"Streamio.StreamioV4","www.strem.io","InstallerUrl","Validation-Domain"
"Stremio.StremioService","dl.strem.io","InstallerUrl","Validation-Domain"
"Summa.ColigoConnectConfigurationTool","downloadcloudcti.blob.core.windows.net","InstallerUrl","Validation-Domain"
"Summay.Sunsama","download.todesktop.com","InstallerUrl","Validation-Domain"
"SunspireStudios.TuxRacer","sourceforge.net","InstallerUrl","Validation-Unapproved-URL"
"SURF.LetsConnectClient","codeberg.org","InstallerUrl","Validation-Domain"
"Surfshark.Surfshark","Surfshark.Surfshark","PackageIdentifier","Policy-Test-2.3"
"SUSE.openSUSE.Leap.15.6","publicwsldistros.blob.core.windows.net","InstallerUrl","Validation-Domain"
"SUSE.openSUSE.Tumbleweed","publicwsldistros.blob.core.windows.net","InstallerUrl","Validation-Domain"
"SUSE.SUSE.15SP6","publicwsldistros.blob.core.windows.net","InstallerUrl","Validation-Domain"
"SylvainRougeaux.Echosync","api.luminescence-software.org","InstallerUrl","Validation-Domain"
"SylvainRougeaux.Metatogger","api.luminescence-software.org","InstallerUrl","Validation-Domain"
"SyncTERM.SyncTERM","sourceforge.net","InstallerUrl","Validation-Unapproved-URL"
"TableClothProject.TableCloth","TableClothProject.TableCloth","PackageIdentifier","Policy-Test-1.8"
"Tachosys.digiCardResort","Tachosys.digiCardResort","PackageIdentifier","Possible-Duplicate"
"Tachosys.digiCentral","Tachosys.digiCentral","PackageIdentifier","Possible-Duplicate"
"Tachosys.digiCentralArchiveSync","Tachosys.digiCentralArchiveSync","PackageIdentifier","Possible-Duplicate"
"Tachosys.digiCentralAuthenticate","Tachosys.digiCentralAuthenticate","PackageIdentifier","Possible-Duplicate"
"Tachosys.digiConnect","Tachosys.digiConnect","PackageIdentifier","Possible-Duplicate"
"Tachosys.digiConnect","Tachosys.digiConnect","PackageIdentifier","Possible-Duplicate"
"Tachosys.TachographFileViewer","Tachosys.TachographFileViewer","PackageIdentifier","Possible-Duplicate"
"Tandem.Tandem","download.todesktop.com","InstallerUrl","Validation-Domain"
"TandemHealth.Tandem","TandemHealth.Tandem","PackageIdentifier","Policy-Test-2.9"
"TandemHealth.Tandem.MSI","TandemHealth.Tandem","PackageIdentifier","Policy-Test-2.9"
"Taozuhong.KangarooMariaDB","Taozuhong.KangarooMariaDB","PackageIdentifier","Possible-Duplicate"
"Taozuhong.KangarooMySQL","Taozuhong.KangarooMySQL","PackageIdentifier","Possible-Duplicate"
"Taozuhong.KangarooMySQL","Taozuhong.KangarooMySQL","PackageIdentifier","Possible-Duplicate"
"Taozuhong.KangarooSQLServer","Taozuhong.KangarooSQLServer","PackageIdentifier","Possible-Duplicate"
"TASKING.winIDEA","www.isystem.com","InstallerUrl","Validation-Domain"
"TeamFON.TeamSIP2go","TeamFON.TeamSIP2go","PackageIdentifier","Validation-No-Executables"
"Technelysium.Chromas","Technelysium.Chromas","PackageIdentifier","Policy-Test-1.8"
"Technelysium.Chromas.Pro","Technelysium.Chromas.Pro","PackageIdentifier","Policy-Test-1.8"
"Tencent.FanLive","d3g.qq.com","InstallerUrl","Validation-Domain"
"Tencent.ima-copilot","app-dl.ima.qq.com","InstallerUrl","Validation-Domain"
"Tencent.QClaw","cdn.m.qq.com","InstallerUrl","Validation-Domain"
"Tencent.WorkBuddy","download.codebuddy.cn","InstallerUrl","Validation-Domain"
"terrymacdonald.DisplayMagician","terrymacdonald.DisplayMagician","PackageIdentifier","Policy-Test-1.2"
"TexasInstruments.FusionDigitalPowerDesigner","software-dl.ti.com","InstallerUrl","Validation-Domain"
"TexasInstruments.TI-Admin","education.ti.com","InstallerUrl","Validation-Domain"
"TexasInstruments.TI-Nspire.CXCASStudent","education.ti.com","InstallerUrl","Validation-Domain"
"TexasInstruments.TI-Nspire.CXPremiumTeacher","education.ti.com","InstallerUrl","Validation-Domain"
"TexasInstruments.TI-Nspire.CXStudent","education.ti.com","InstallerUrl","Validation-Domain"
"TexasInstruments.TI-SmartView.TI-84Plus","education.ti.com","InstallerUrl","Validation-Domain"
"Thales.SafeNetAuthenticationClient","www.digicert.com","InstallerUrl","Validation-Domain"
"TheBlind.T-Shell","gitee.com","InstallerUrl","Validation-Domain"
"TheCryptTeam.Crypt","www.dropbox.com","InstallerUrl","Validation-Domain"
"Thegrideon.AccessForensics","Thegrideon.AccessForensics","PackageIdentifier","Policy-Test-1.2"
"TheOSCARTeam.OSCAR","www.sleepfiles.com","InstallerUrl","Validation-Domain"
"Thorlabs.CCT","thin01mstroc282prod.dxcloud.episerver.net","InstallerUrl","Validation-Domain"
"Thorlabs.Chrolis","thin01mstroc282prod.dxcloud.episerver.net","InstallerUrl","Validation-Domain"
"Thorlabs.ChrolisDeviceDriver","thin01mstroc282prod.dxcloud.episerver.net","InstallerUrl","Validation-Domain"
"Thorlabs.ChrolisInstrumentDriver","thin01mstroc282prod.dxcloud.episerver.net","InstallerUrl","Validation-Domain"
"Thorlabs.EXULUS-SE1","thin01mstroc282prod.dxcloud.episerver.net","InstallerUrl","Validation-Domain"
"Thorlabs.FSLControl","thin01mstroc282prod.dxcloud.episerver.net","InstallerUrl","Validation-Domain"
"Thorlabs.FWxC","thin01mstroc282prod.dxcloud.episerver.net","InstallerUrl","Validation-Domain"
"Thorlabs.HPLS","thin01mstroc282prod.dxcloud.episerver.net","InstallerUrl","Validation-Domain"
"Thorlabs.Joystick","thin01mstroc282prod.dxcloud.episerver.net","InstallerUrl","Validation-Domain"
"Thorlabs.KLC","thin01mstroc282prod.dxcloud.episerver.net","InstallerUrl","Validation-Domain"
"Thorlabs.Kurios","thin01mstroc282prod.dxcloud.episerver.net","InstallerUrl","Validation-Domain"
"Thorlabs.LCC25","thin01mstroc282prod.dxcloud.episerver.net","InstallerUrl","Validation-Domain"
"Thorlabs.LK220","thin01mstroc282prod.dxcloud.episerver.net","InstallerUrl","Validation-Domain"
"Thorlabs.MC2000","thin01mstroc282prod.dxcloud.episerver.net","InstallerUrl","Validation-Domain"
"Thorlabs.MC2000B","thin01mstroc282prod.dxcloud.episerver.net","InstallerUrl","Validation-Domain"
"Thorlabs.MCLS1","thin01mstroc282prod.dxcloud.episerver.net","InstallerUrl","Validation-Domain"
"Thorlabs.MCLS2","www.thorlabs.com","InstallerUrl","Validation-Domain"
"Thorlabs.MCM301","thin01mstroc282prod.dxcloud.episerver.net","InstallerUrl","Validation-Domain"
"Thorlabs.MEMSVCSEL","thin01mstroc282prod.dxcloud.episerver.net","InstallerUrl","Validation-Domain"
"Thorlabs.PACU2","thin01mstroc282prod.dxcloud.episerver.net","InstallerUrl","Validation-Domain"
"Thorlabs.PCD1K","thin01mstroc282prod.dxcloud.episerver.net","InstallerUrl","Validation-Domain"
"Thorlabs.PDXC","thin01mstroc282prod.dxcloud.episerver.net","InstallerUrl","Validation-Domain"
"Thorlabs.QEPAS","thin01mstroc282prod.dxcloud.episerver.net","InstallerUrl","Validation-Domain"
"Thorlabs.S4FC","thin01mstroc282prod.dxcloud.episerver.net","InstallerUrl","Validation-Domain"
"Thorlabs.S5FC","thin01mstroc282prod.dxcloud.episerver.net","InstallerUrl","Validation-Domain"
"Thorlabs.S7FC","thin01mstroc282prod.dxcloud.episerver.net","InstallerUrl","Validation-Domain"
"Thorlabs.SC10","thin01mstroc282prod.dxcloud.episerver.net","InstallerUrl","Validation-Domain"
"Thorlabs.SLS60x","thin01mstroc282prod.dxcloud.episerver.net","InstallerUrl","Validation-Domain"
"Thorlabs.SLS701","thin01mstroc282prod.dxcloud.episerver.net","InstallerUrl","Validation-Domain"
"Thorlabs.SPDC810","thin01mstroc282prod.dxcloud.episerver.net","InstallerUrl","Validation-Domain"
"Thorlabs.TC200","thin01mstroc282prod.dxcloud.episerver.net","InstallerUrl","Validation-Domain"
"Thorlabs.TC300B","thin01mstroc282prod.dxcloud.episerver.net","InstallerUrl","Validation-Domain"
"Thorlabs.ThorAOControl","thin01mstroc282prod.dxcloud.episerver.net","InstallerUrl","Validation-Domain"
"Thorlabs.ThorlabsDeviceSDK","thin01mstroc282prod.dxcloud.episerver.net","InstallerUrl","Validation-Domain"
"Thorlabs.TSP01","thin01mstroc282prod.dxcloud.episerver.net","InstallerUrl","Validation-Domain"
"Thorlabs.upSERIES","thin01mstroc282prod.dxcloud.episerver.net","InstallerUrl","Validation-Domain"
"Thorlabs.xPlatform","thin01mstroc282prod.dxcloud.episerver.net","InstallerUrl","Validation-Domain"
"tibbo.ioninja","tibbo.ioninja","PackageIdentifier","Policy-Test-2.5"
"TigerVNC.TigerVNC","sourceforge.net","InstallerUrl","Validation-Unapproved-URL"
"tinySA.tinySA","dfu.tinydevices.org","InstallerUrl","Validation-Domain"
"TORTUSAI.TORTUS","storage.googleapis.com","InstallerUrl","Validation-Domain"
"TrackerSoftware.PDF-Tools","TrackerSoftware.PDF-Tools","PackageIdentifier","Possible-Duplicate"
"Trimble.SketchUpViewer","Trimble.SketchUpViewer","PackageIdentifier","Policy-Test-1.2"
"Trimble.TrimbleConnect","download.tekla.com","InstallerUrl","Validation-Domain"
"TristanTang.AgentIsland","TristanTang.AgentIsland","PackageIdentifier","Policy-Test-1.2"
"Trust1Team.Trust1Connector","storage.googleapis.com","InstallerUrl","Validation-Domain"
"tsuchim.ImeKeysForUS","tsuchim.ImeKeysForUS","PackageIdentifier","Policy-Test-2.7"
"TUG.TeXworks","TUG.TeXworks","PackageIdentifier","Policy-Test-1.2"
"tumic0.GPXSee","sourceforge.net","InstallerUrl","Validation-Domain"
"TuneIn.TuneIn","gemini-desktop-prod.s3.us-west-2.amazonaws.com","InstallerUrl","Validation-Domain"
"Typst.Typst","Typst.Typst","PackageIdentifier","Policy-Test-1.2"
"Ubiquiti.IdentityDesktop.Endpoint","fw-download.ubnt.com","InstallerUrl","Validation-Domain"
"Ubiquiti.IdentityDesktop.Enterprise","fw-download.ubnt.com","InstallerUrl","Validation-Domain"
"Ubiquiti.UniFiNetworkServer","dl.ui.com","InstallerUrl","Validation-Domain"
"Ubisoft.Chroma","raw.githubusercontent.com","InstallerUrl","Validation-Domain"
"Ubisoft.Connect","static3.cdn.ubi.com","InstallerUrl","Validation-Domain"
"UderzoSoftware.SpaceSniffer","www.uderzo.it","InstallerUrl","Validation-Domain"
"UGREEN.UGREENNAS","","InstallerUrl","Validation-Domain"
"undergroundwires.privacy.sexy","undergroundwires.privacy.sexy","PackageIdentifier","Policy-Test-2.7"
"unhchabo.FlacSquisher","sourceforge.net","InstallerUrl","Validation-Unapproved-URL"
"UnicornSoft.UnicornHTTPS","UnicornSoft.UnicornHTTPS","PackageIdentifier","Policy-Test-2.7"
"Unifaun.UnifaunOnlinePrinter","delivery-clientinstall.s3.eu-north-1.amazonaws.com","InstallerUrl","Validation-Domain"
"UprightLabs.ListerConnect","s3.us-east-1.amazonaws.com","InstallerUrl","Validation-Domain"
"UweSieber.ComPortInfo","UweSieber.ComPortInfo","PackageIdentifier","Policy-Test-2.7"
"UweSieber.ComPortInfo","UweSieber.ComPortInfo","PackageIdentifier","Policy-Test-1.2"
"UweSieber.UsbDriveInfo","UweSieber.UsbDriveInfo","PackageIdentifier","Policy-Test-2.7"
"Uzero.ScanScan","cdn.desktop.baimiaoapp.com","InstallerUrl","Validation-Domain"
"VCCLive.VCCLiveDesk","VCCLive.VCCLiveDesk","PackageIdentifier","Possible-Duplicate"
"Vector35.BinaryNinja","Vector35.BinaryNinja","PackageIdentifier","Policy-Test-2.5"
"Verizon.VerizonCloud","mediamanagerpc.vzw.com","InstallerUrl","Validation-Domain"
"Vernier.LoggerLite","d1zt81d93mquk0.cloudfront.net","InstallerUrl","Validation-Domain"
"ViewSonic.AirSyncSender","store2.myviewboard.com","InstallerUrl","Validation-Domain"
"Virtuworks.MSPControlAutopilot","mspcontrolrepo.blob.core.windows.net","InstallerUrl","Validation-Domain"
"VisionAid.IvonaVoicePack.Danish","visoftware.blob.core.windows.net","InstallerUrl","Validation-Domain"
"VisionAid.IvonaVoicePack.Dutch","visoftware.blob.core.windows.net","InstallerUrl","Validation-Domain"
"VisionAid.IvonaVoicePack.English.American","visoftware.blob.core.windows.net","InstallerUrl","Validation-Domain"
"VisionAid.IvonaVoicePack.English.British","visoftware.blob.core.windows.net","InstallerUrl","Validation-Domain"
"VisionAid.IvonaVoicePack.English.Other","visoftware.blob.core.windows.net","InstallerUrl","Validation-Domain"
"VisionAid.IvonaVoicePack.French","visoftware.blob.core.windows.net","InstallerUrl","Validation-Domain"
"VisionAid.IvonaVoicePack.German","visoftware.blob.core.windows.net","InstallerUrl","Validation-Domain"
"VisionAid.IvonaVoicePack.Italian","visoftware.blob.core.windows.net","InstallerUrl","Validation-Domain"
"VisionAid.IvonaVoicePack.Norwegian","visoftware.blob.core.windows.net","InstallerUrl","Validation-Domain"
"VisionAid.IvonaVoicePack.Polish","visoftware.blob.core.windows.net","InstallerUrl","Validation-Domain"
"VisionAid.IvonaVoicePack.Portuguese","visoftware.blob.core.windows.net","InstallerUrl","Validation-Domain"
"VisionAid.IvonaVoicePack.Romanian","visoftware.blob.core.windows.net","InstallerUrl","Validation-Domain"
"VisionAid.IvonaVoicePack.Russian","visoftware.blob.core.windows.net","InstallerUrl","Validation-Domain"
"VisionAid.IvonaVoicePack.Spanish","visoftware.blob.core.windows.net","InstallerUrl","Validation-Domain"
"VisionAid.IvonaVoicePack.Swedish","visoftware.blob.core.windows.net","InstallerUrl","Validation-Domain"
"VisionAid.IvonaVoicePack.Turkish","visoftware.blob.core.windows.net","InstallerUrl","Validation-Domain"
"VisionAid.IvonaVoicePack.Welsh","visoftware.blob.core.windows.net","InstallerUrl","Validation-Domain"
"VisionAid.NuanceVocalizerVoicePack.Arabic","visoftware.blob.core.windows.net","InstallerUrl","Validation-Domain"
"VisionAid.NuanceVocalizerVoicePack.Catalan","visoftware.blob.core.windows.net","InstallerUrl","Validation-Domain"
"VisionAid.NuanceVocalizerVoicePack.Chinese","visoftware.blob.core.windows.net","InstallerUrl","Validation-Domain"
"VisionAid.NuanceVocalizerVoicePack.Czech","visoftware.blob.core.windows.net","InstallerUrl","Validation-Domain"
"VisionAid.NuanceVocalizerVoicePack.Danish","visoftware.blob.core.windows.net","InstallerUrl","Validation-Domain"
"VisionAid.NuanceVocalizerVoicePack.Dutch","visoftware.blob.core.windows.net","InstallerUrl","Validation-Domain"
"VisionAid.NuanceVocalizerVoicePack.English","visoftware.blob.core.windows.net","InstallerUrl","Validation-Domain"
"VisionAid.NuanceVocalizerVoicePack.Finnish","visoftware.blob.core.windows.net","InstallerUrl","Validation-Domain"
"VisionAid.NuanceVocalizerVoicePack.French","visoftware.blob.core.windows.net","InstallerUrl","Validation-Domain"
"VisionAid.NuanceVocalizerVoicePack.Gaelic","visoftware.blob.core.windows.net","InstallerUrl","Validation-Domain"
"VisionAid.NuanceVocalizerVoicePack.German","visoftware.blob.core.windows.net","InstallerUrl","Validation-Domain"
"VisionAid.NuanceVocalizerVoicePack.Greek","visoftware.blob.core.windows.net","InstallerUrl","Validation-Domain"
"VisionAid.NuanceVocalizerVoicePack.Hindi","visoftware.blob.core.windows.net","InstallerUrl","Validation-Domain"
"VisionAid.NuanceVocalizerVoicePack.Hungarian","visoftware.blob.core.windows.net","InstallerUrl","Validation-Domain"
"VisionAid.NuanceVocalizerVoicePack.Italian","visoftware.blob.core.windows.net","InstallerUrl","Validation-Domain"
"VisionAid.NuanceVocalizerVoicePack.Japanese","visoftware.blob.core.windows.net","InstallerUrl","Validation-Domain"
"VisionAid.NuanceVocalizerVoicePack.Korean","visoftware.blob.core.windows.net","InstallerUrl","Validation-Domain"
"VisionAid.NuanceVocalizerVoicePack.Norwegian","visoftware.blob.core.windows.net","InstallerUrl","Validation-Domain"
"VisionAid.NuanceVocalizerVoicePack.Polish","visoftware.blob.core.windows.net","InstallerUrl","Validation-Domain"
"VisionAid.NuanceVocalizerVoicePack.Portuguese","visoftware.blob.core.windows.net","InstallerUrl","Validation-Domain"
"VisionAid.NuanceVocalizerVoicePack.Romanian","visoftware.blob.core.windows.net","InstallerUrl","Validation-Domain"
"VisionAid.NuanceVocalizerVoicePack.Russian","visoftware.blob.core.windows.net","InstallerUrl","Validation-Domain"
"VisionAid.NuanceVocalizerVoicePack.Slovak","visoftware.blob.core.windows.net","InstallerUrl","Validation-Domain"
"VisionAid.NuanceVocalizerVoicePack.Spanish","visoftware.blob.core.windows.net","InstallerUrl","Validation-Domain"
"VisionAid.NuanceVocalizerVoicePack.Swedish","visoftware.blob.core.windows.net","InstallerUrl","Validation-Domain"
"VisionAid.NuanceVocalizerVoicePack.Thai","visoftware.blob.core.windows.net","InstallerUrl","Validation-Domain"
"VisionAid.NuanceVocalizerVoicePack.Turkish","visoftware.blob.core.windows.net","InstallerUrl","Validation-Domain"
"VitalijFedichev.NFSServer","cyfuture.dl.sourceforge.net","InstallerUrl","Validation-Unapproved-URL"
"VK.VKWorkspace","hb.bizmrg.com","InstallerUrl","Validation-Domain"
"VoSoft.VicDiary","gitee.com","InstallerUrl","Validation-Domain"
"VovSoft.BatchTranslator","VovSoft.BatchTranslator","PackageIdentifier","Policy-Test-1.8"
"VovSoft.CollectURL","VovSoft.CollectURL","PackageIdentifier","Policy-Test-2.7"
"VovSoft.HealthBreakReminder","VovSoft.HealthBreakReminder","PackageIdentifier","Policy-Test-1.2"
"VovSoft.KeystrokeVisualizer","VovSoft.KeystrokeVisualizer","PackageIdentifier","Policy-Test-2.7"
"VovSoft.SpeechToTextConverter","VovSoft.SpeechToTextConverter","PackageIdentifier","Policy-Test-1.8"
"VovSoft.SubtitleTranslator","VovSoft.SubtitleTranslator","PackageIdentifier","Policy-Test-1.8"
"Wagnardsoft.DisplayDriverUninstaller","Wagnardsoft.DisplayDriverUninstaller","PackageIdentifier","Validation-No-Executables"
"wanou067.MazeLauncher","mazecity.eu","InstallerUrl","Validation-Domain"
"WebCatalogLtd.Switchbar","webcatalog.io","InstallerUrl","Validation-Domain"
"WEBNSNM.terminalManage","WEBNSNM.terminalManage","PackageIdentifier","Policy-Test-2.7"
"Webstudio.Webstudio","Webstudio.Webstudio","PackageIdentifier","Possible-Duplicate"
"WeCreat.MakeIt","WeCreat.MakeIt","PackageIdentifier","Policy-Test-1.2"
"WesternDigital.Kitfox","downloads.wdc.com","InstallerUrl","Validation-Domain"
"WestWind.DocumentationMonster","raw.githubusercontent.com","InstallerUrl","Validation-Domain"
"WetOtter44.StrawberryMusicPlayer.MinGW","codeberg.org","InstallerUrl","Validation-Domain"
"WetOtter44.StrawberryMusicPlayer.MSVC","codeberg.org","InstallerUrl","Validation-Domain"
"Wibu-Systems.CodeMeterRuntimeKit","www.wibu.com","InstallerUrl","Validation-Domain"
"WikimediaProject.AutoWikiBrowser","deac-riga.dl.sourceforge.net","InstallerUrl","Validation-Unapproved-URL"
"WinEdtTeam.WinEdt","WinEdtTeam.WinEdt","PackageIdentifier","Policy-Test-1.2"
"WinEst.WinEst","drive.usercontent.google.com","InstallerUrl","Validation-Domain"
"WingItGames.CloudtrailIslands","download.gamejolt.net","InstallerUrl","Validation-Domain"
"WinUAE.WinUAE","download.abime.net","InstallerUrl","Validation-Domain"
"WiresharkFoundation.Stratoshark","1.na.dl.wireshark.org","InstallerUrl","Validation-Domain"
"WiseCleaner.WiseX","WiseCleaner.WiseX","PackageIdentifier","Policy-Test-2.7"
"WolfgangBuescher.rsNTP","www.qsl.net","InstallerUrl","Validation-Domain"
"Wondershare.Mockitt.CN","cdn-release.modao.cc","InstallerUrl","Validation-Domain"
"Wondershare.Mockitt.CN","Wondershare.Mockitt.CN","PackageIdentifier","Validation-No-Executables"
"wpdos.PDFtoPrinter","mendelson.org","InstallerUrl","Validation-Domain"
"wpdos.PDFtoPrinter","wpdos.PDFtoPrinter","PackageIdentifier","Policy-Test-2.9"
"WSUSOfflineUpdate.CommunityEdition","gitlab.com","InstallerUrl","Validation-Domain"
"xAI.GrokBuild","x.ai","InstallerUrl","Validation-Domain"
"Xersin.Sumsie","sourceforge.net","InstallerUrl","Validation-Unapproved-URL"
"Xerxes-2.ClewdR","Xerxes-2.ClewdR","PackageIdentifier","Policy-Test-2.7"
"Xiaocai.MiniCADDraw","clientdown.appol.com","InstallerUrl","Validation-Domain"
"Xiaocai.MiniCADSee","clientdown.appol.com","InstallerUrl","Validation-Domain"
"XiaoweiCloud.CalendarTask","download.xdiarys.com","InstallerUrl","Validation-Domain"
"XnSoft.XnConvert","XnSoft.XnConvert","PackageIdentifier","Policy-Test-1.2"
"XnSoft.XnConvert","download.xnview.com","InstallerUrl","Validation-Domain"
"XnSoft.XnResize","download.xnview.com","InstallerUrl","Validation-Domain"
"XTLS.Xray-core","XTLS.Xray-core","PackageIdentifier","Policy-Test-2.7"
"XxDoomsdayxX.GitPulse","XxDoomsdayxX.GitPulse","PackageIdentifier","Policy-Test-2.7"
"YABE.YetAnotherBacnetExplorer","sourceforge.net","InstallerUrl","Validation-Unapproved-URL"
"Yealink.YealinkUSBConnect.CN","resource.ymcs.ylcloud.com","InstallerUrl","Validation-Domain"
"Yerong.OfficeToolPlus","otp.landian.vip","InstallerUrl","Validation-Domain"
"YohanesOkta.OctaCoreUtils","YohanesOkta.OctaCoreUtils","PackageIdentifier","Policy-Test-2.9"
"Youda008.DoomRunner","Youda008.DoomRunner","PackageIdentifier","Policy-Test-1.2"
"YouXiao.YXFile","zhcy.oss-cn-hangzhou.aliyuncs.com","InstallerUrl","Validation-Domain"
"yt-dlp.FFmpeg","yt-dlp.FFmpeg","PackageIdentifier","Validation-No-Executables"
"Yuanfudao.Yuanfudao","apphub.fbcontent.cn","InstallerUrl","Validation-Domain"
"Yubico.YubiKeySmartCardMinidriver","Yubico.YubiKeySmartCardMinidriver","PackageIdentifier","Validation-No-Executables"
"Z-DBackup.Z-Cron","z-download.de","InstallerUrl","Validation-Domain"
"zadjii.ObsidianNotesExtension","zadjii.ObsidianNotesExtension","PackageIdentifier","Policy-Test-2.7"
"zelenkov.WixTrim","sourceforge.net","InstallerUrl","Validation-Unapproved-URL"
"ZeroClawLabs.ZeroClaw","ZeroClawLabs.ZeroClaw","PackageIdentifier","Policy-Test-2.7"
"ZhipuAI.AutoClaw","autoglm.aminer.cn","InstallerUrl","Validation-Domain"
"ZhipuAI.AutoClaw","ZhipuAI.AutoClaw","PackageIdentifier","Policy-Test-2.7"
"ZivverB.V.ZivverOfficePlugin","ZivverB.V.ZivverOfficePlugin","PackageIdentifier","Validation-No-Executables"
"Zoho.Meeting","d1ctjwn89mb7yf.cloudfront.net","InstallerUrl","Validation-Domain"
"Zortrax.ZSuite","Zortrax.ZSuite","PackageIdentifier","Policy-Test-2.5"
"zTools.zTools","zTools.zTools","PackageIdentifier","Policy-Test-2.7"
