"PackageIdentifier","ManifestValue","ManifestKey","RemoveLabel"
"115.115Chrome","115.115Chrome","PackageIdentifier","Policy-Test-1.2"
"3d-io.Exr-IO","3d-io.Exr-IO","PackageIdentifier","Validation-No-Executables"
"ABC.ABCEBankAssistant","ABC.ABCEBankAssistant","PackageIdentifier","Policy-Test-1.8"
"abelhadigital.HostsMan","softpedia-secure-download.com","InstallerUrl","Validation-Domain"
"abgox.InputTip","github.com","InstallerUrl","Validation-Domain"
"AdGuard.AdGuard","agrd.io","InstallerUrl","Validation-Domain"
"AdGuard.AdGuard.Nightly","agrd.io","InstallerUrl","Validation-Domain"
"AdGuard.AdGuardVPN","agrd.io","InstallerUrl","Validation-Domain"
"AdGuard.AdGuardVPN.Nightly","agrd.io","InstallerUrl","Validation-Domain"
"Agretis.SmartInstallMaker","Agretis.SmartInstallMaker","PackageIdentifier","Policy-Test-1.2"
"Airspy.SDRSharp.DotNet9","Airspy.SDRSharp.DotNet9","PackageIdentifier","Policy-Test-2.9"
"AlexanderSeeligerSoftware.BackupServiceHome","download.bdightbits.de","InstallerUrl","Validation-Domain"
"Alibaba.UCCloudDrive","Alibaba.UCCloudDrive","PackageIdentifier","Validation-No-Executables"
"Amazon.AthenaODBCDriver.1","Amazon.AthenaODBCDriver.1","PackageIdentifier","Validation-No-Executables"
"Amazon.AthenaODBCDriver.2","Amazon.AthenaODBCDriver.2","PackageIdentifier","Validation-No-Executables"
"Amazon.KindlePreviewer","Amazon.KindlePreviewer","PackageIdentifier","Policy-Test-1.2"
"Amazon.KindlePreviewer","d2bzeorukaqrvt.cloudfront.net","InstallerUrl","Validation-Domain"
"Amazon.NoSQLWorkbench","Amazon.NoSQLWorkbench","PackageIdentifier","Validation-No-Executables"
"Amazon.NoSQLWorkbench","dy9cqqaswpltd.cloudfront.net","InstallerUrl","Validation-Domain"
"AmyXun.AxGlyph","download.s21i.co99.net","InstallerUrl","Validation-Domain"
"AmyXun.AxMath","download.s21i.co99.net","InstallerUrl","Validation-Domain"
"AndyFul.ConfigureDefender","raw.githubusercontent.com","InstallerUrl","Validation-domain"
"Anysphere.Cursor","download.todesktop.com","InstallerUrl","Validation-Domain"
"AnyTXT.AnyTXTSearcher","sourceforge.net","InstallerUrl","Validation-Unapproved-URL"
"APIDocumentation.Scalar","download.todesktop.com","InstallerUrl","Validation-Domain"
"Appeon.PowerServerToolkit2022R3-MR03","Appeon.PowerServerToolkit2022R3-MR03","PackageIdentifier","Policy-Test-1.2"
"Appest.Dida","Appest.Dida","PackageIdentifier","Policy-Test-1.8"
"ArtisticStyle.ArtisticStyle","sourceforge.net","InstallerUrl","Validation-Domain"
"ASGARDEXMaintainers.ASGARDEX","github.com","InstallerUrl","Validation-Domain"
"Atos.emotachDirect","www.fzhsw.bazg.admin.ch","InstallerUrl","Validation-Domain"
"Audient.iD","d9w4fhj63j193.cloudfront.net","InstallerUrl","Validation-Domain"
"AuraMarker.Lattics","media.zine.la","InstallerUrl","Validation-Domain"
"Baidu.BaiduWenku","Baidu.BaiduWenku","PackageIdentifier","Validation-No-Executables"
"Balsamiq.Wireframes","build_archives.s3.amazonaws.com","InstallerUrl","Validation-Domain"
"Beanbag.RBTools","downloads.reviewboard.org","InstallerUrl","Validation-Domain"
"BellSoft.LibericaJDK.24.Full","download.bell-sw.com","InstallerUrl","Validation-Domain"
"BellSoft.LibericaJRE.22","download.bell-sw.com","InstallerUrl","Validation-Domain"
"BellSoft.LibericaJRE.23.Full","download.bell-sw.com","InstallerUrl","Validation-Domain"
"BellSoft.LibericaJRE.24.Full","download.bell-sw.com","InstallerUrl","Validation-Domain"
"Bilibili.Bcut","boss.hdslb.com","InstallerUrl","Validation-Domain"
"BioSilico.EssayWriter","download.fasteressays.com","InstallerUrl","Validation-Domain"
"Bitvise.SSH.Client","Bitvise.SSH.Client","PackageIdentifier","Policy-Test-2.7"
"BreakPointSoftware.HexWorkshop","www.bpsoft.com","InstallerUrl","Validation-Domain"
"BrightSign.BAconnected","downloads.bsn.cloud","InstallerUrl","Validation-Domain"
"BrinkSoftware.IbisVoorInfra","2804826.fs1.hubspotusercontent-na1.net","InstallerUrl","Validation-Domain"
"Brinno.BrinnoVideoPlayer","Brinno.BrinnoVideoPlayer","PackageIdentifier","Validation-Domain"
"Buanzo.FFmpegforAudacity","Buanzo.FFmpegforAudacity","PackageIdentifier","Validation-No-Executables"
"Bunny-Wabbit.ISOCreator","sourceforge.net","InstallerUrl","Validation-Unapproved-URL"
"ByteDance.FeiLian","cdn.isealsuite.com","InstallerUrl","Validation-Domain"
"Calibrite.PROFILER","Calibrite.PROFILER","PackageIdentifier","Policy-Test-1.2"
"canghaicheng.ZhuoMianShiJie","sourceforge.net","InstallerUrl","Validation-Unapproved-URL"
"CareScribe.CaptionEd","storage.googleapis.com","InstallerUrl","Validation-domain"
"CareScribe.TalkType","storage.googleapis.com","InstallerUrl","Validation-Domain"
"Carrier.BlockLoad","www.shareddocs.com","InstallerUrl","Validation-Domain"
"Carrier.BuildingSystemOptimizer","www.shareddocs.com","InstallerUrl","Validation-Domain"
"Carrier.EngineeringEconomicAnalysis","www.shareddocs.com","InstallerUrl","Validation-Domain"
"Carrier.HourlyAnalysisProgram","www.shareddocs.com","InstallerUrl","Validation-Domain"
"Carrier.PLVPro","www.shareddocs.com","InstallerUrl","Validation-Domain"
"Carrier.SystemDesignLoad","www.shareddocs.com","InstallerUrl","Validation-Domain"
"Castr.Castr","download.todesktop.com","InstallerUrl","Validation-Domain"
"CedricLouvrier.Pinga","css-ig.net","InstallerUrl","Validation-Domain"
"Chainguard.chainctl","dl.enforce.dev","InstallerUrl","Validation-Domain"
"ChrisLong.EZSignIt","www.ssesetup.com","InstallerUrl","Validation-Domain"
"ChrisLong.NTFSHiddenDataFinder","ChrisLong.NTFSHiddenDataFinder","PackageIdentifier","Policy-Test-1.2"
"ChrisPirih.SkiFree","ski.ihoc.net","InstallerUrl","Validation-Domain"
"ChristianThoeing.PasswordTech","sourceforge.net","InstallerUrl","Validation-Unapproved-URL"
"Chromium.ChromeDriver","storage.googleapis.com","InstallerUrl","Validation-Domain"
"Cisco.ChezScheme","Cisco.ChezScheme","PackageIdentifier","Policy-Test-2.7"
"Cisco.JabberVDIAgent","binaries.webex.com","InstallerUrl","Validation-Domain"
"CISDI.Qingtui","qtstatic.oss-cn-hangzhou.aliyuncs.com","InstallerUrl","Validation-Domain"
"CISDI.Qingtui","CISDI.Qingtui","PackageIdentifier","Policy-Test-1.2"
"Clevertouch.Clevershare","saharaplc.s3.eu-west-2.amazonaws.com","InstallerUrl","Validation-Domain"
"Clevertouch.Clevershare.EXE","saharaplc.s3.eu-west-2.amazonaws.com","InstallerUrl","Validation-Domain"
"ClickUp.ClickUp","download.todesktop.com","InstallerUrl","Validation-Domain"
"CloudImperiumGames.RSILauncher","install.robertsspaceindustries.com","InstallerUrl","Validation-Domain"
"cmlanche.lightningvine","sdtpub.s3.bitiful.net","InstallerUrl","Validation-Domain"
"CMU.CLAN","dali.talkbank.org","InstallerUrl","Validation-Domain"
"CMU.CLAN","CMU.CLAN","PackageIdentifier","Policy-Test-1.8"
"CodeBlocks.CodeBlocks","sourceforge.net","InstallerUrl","Validation-Unapproved-URL"
"CodeBlocks.CodeBlocks.MinGW","sourceforge.net","InstallerUrl","Validation-Unapproved-URL"
"CologneCodeCompany.XYplorer","CologneCodeCompany.XYplorer","PackageIdentifier","Policy-Test-2.7"
"CologneCodeCompany.XYplorerPortable","CologneCodeCompany.XYplorerPortable","PackageIdentifier","Policy-Test-2.7"
"Comfy.ComfyUI-Desktop","download.todesktop.com","InstallerUrl","Validation-Domain"
"ContourDesign.ContourShuttle","cdn.shopify.com","InstallerUrl","Validation-Domain"
"Convertilla.Convertilla","Convertilla.Convertilla","PackageIdentifier","Policy-Test-1.2"
"Corel.MindManager.23","download.mindjet.com","InstallerUrl","Validation-Domain"
"CrossPlusA.Balabolka","www.cross-plus-a.com","InstallerUrl","Validation-Domain"
"Crucial.StorageExecutive","Crucial.StorageExecutive","PackageIdentifier","Policy-Test-1.2"
"CrystalDewWorld.CrystalMarkRetro","sourceforge.net","InstallerUrl","Validation-Unapproved-URL"
"CTerm.CTerm","gitee.com","InstallerUrl","Validation-Domain"
"CurveSeries.CurveSeries","www.c3excel.com","InstallerUrl","Validation-Domain"
"DanielGehriger.MSI2XML","sourceforge.net","InstallerUrl","Validation-Unapproved-URL"
"Dedoose.Dedoose","downloads.ctfassets.net","InstallerUrl","Validation-Domain"
"Delinea.DelineaConnectionManager","downloads.cm.thycotic.com","InstallerUrl","Validation-Domain"
"Delinea.PrivilegeManagerAgents","tmsnuget.thycotic.com","InstallerUrl","Validation-Domain"
"Delinea.ThycoticDirectoryServicesAgent","Delinea.ThycoticDirectoryServicesAgent","PackageIdentifier","Validation-No-Executables"
"Delinea.ThycoticLocalSecurityAgent","Delinea.ThycoticLocalSecurityAgent","PackageIdentifier","Validation-No-Executables"
"DelineaInc.ThycoticLocalSecurityAgent","DelineaInc.ThycoticLocalSecurityAgent","PackageIdentifier","Validation-No-Executables"
"DeltaChat.DeltaChat","download.delta.chat","InstallerUrl","Validation-Domain"
"Dialpad.DialpadMeetings","storage.googleapis.com","InstallerUrl","Validation-Domain"
"DigitalScience.Papers","update.readcube.com","InstallerUrl","Validation-Domain"
"DirkJansen.MailCheck2","www.d-jan.de","InstallerUrl","Validation-Domain"
"DisplayLink.GraphicsDriver.HotDesking","DisplayLink.GraphicsDriver.HotDesking","PackageIdentifier","Policy-Test-2.7"
"DistroaAV.DistroAV","DistroaAV.DistroAV","PackageIdentifier","Validation-No-Executables"
"DNAGenics.DNAKitStudio","dgadmixstorage.blob.core.windows.net","InstallerUrl","Validation-Domain"
"DocuSign.DocusignEdit","tools.springcm.com","InstallerUrl","Validation-Domain"
"dougcunha.VsExtensionsTool","dougcunha.VsExtensionsTool","PackageIdentifier","Policy-Test-2.7"
"Doxim.StriataReader.EXE","Doxim.StriataReader.EXE","PackageIdentifier","Validation-No-Executables"
"drsaint.WixTool.Red","sourceforge.net","InstallerUrl","Validation-Unapproved-URL"
"drsaint.WixTool.Yellow","sourceforge.net","InstallerUrl","Validation-Unapproved-URL"
"Dutchview.Flexwhere","s3.eu-central-1.amazonaws.com","InstallerUrl","Validation-Domain"
"DWANGO.SeirenVoice.yukari.Trial","sv-packed-release.s3.ap-northeast-1.amazonaws.com","InstallerUrl","Validation-Domain"
"Dynare.Dynare","Dynare.Dynare","PackageIdentifier","policy-Test-1.8"
"EasternGraphics.pCon-basket","downloads.pcon-solutions.com","InstallerUrl","Validation-Domain"
"EasternGraphics.pCon-planner.ME","downloads.pcon-solutions.com","InstallerUrl","Validation-Domain"
"EasternGraphics.pCon-planner.Pro","downloads.pcon-solutions.com","InstallerUrl","Validation-Domain"
"EasternGraphics.pCon-planner.STD","downloads.pcon-solutions.com","InstallerUrl","Validation-Domain"
"EastMoney.EastMoney","EastMoney.EastMoney","PackageIdentifier","Policy-Test-2.9"
"EastMoney.EastmoneySpeciality","EastMoney.EastmoneySpeciality","PackageIdentifier","Policy-Test-2.9"
"Easybits.MagicDesktop.Kiosk","Easybits.MagicDesktop.Kiosk","PackageIdentifier","Policy-Test-2.9"
"EclipseFoundation.EclipseIDEforJavaDevelopers","ftp.halifax.rwth-aachen.de","InstallerUrl","Validation-domain"
"EDPB.WebsiteAuditTool","code.europa.eu","InstallerUrl","Validation-Domain"
"ElectronCommunity.ElectronFiddle","github.com","InstallerUrl","Validation-Forbidden-URL-Error"
"Element.Element","packages.element.io","InstallerUrl","URL-Validation-Error"
"ESET.Nod32","ESET.Nod32","PackageIdentifier","Policy-Test-1.2"
"ESET.Security.SmallBusiness","ESET.Security.SmallBusiness","PackageIdentifier","Policy-Test-1.2"
"EuSoft.Dehelper","static.frdic.com","InstallerUrl","Validation-Domain"
"EuSoft.Eshelper","static.frdic.com","InstallerUrl","Validation-Domain"
"EuSoft.Frhelper","static.frdic.com","InstallerUrl","Validation-Domain"
"Fathom.Fathom","storage.googleapis.com","InstallerUrl","Validation-Domain"
"FlightGear.FlightGear","sourceforge.net","InstallerUrl","Validation-Unapproved-URL"
"FlowJo.FlowJo","fjinstallers.s3.amazonaws.com","InstallerUrl","Validation-Domain"
"flyingpie.windows-terminal-quake.prerelease","flyingpie.windows-terminal-quake.prerelease","PackageIdentifier","Policy-Test-2.9"
"FreedomScientific.Fusion.2024","software.vfo.digital","InstallerUrl","Validation-Domain"
"FreedomScientific.Fusion.2025","software.vfo.digital","InstallerUrl","Validation-Domain"
"FreedomScientific.JAWS.2025","software.vfo.digital","InstallerUrl","Validation-Domain"
"FxSound.FxSound","FxSound.FxSound","PackageIdentifier","Policy-Test-1.2"
"GAI.GAI","webpath.iche2.com","InstallerUrl","Validation-Domain"
"GamaPlatform.Gama","GamaPlatform.Gama","PackageIdentifier","Policy-Test-2.7"
"GameSir.GameSirConnect","xjdl.bigeyes.com","InstallerUrl","Validation-Domain"
"GameSir.GameSirT4kApp","xjdl.bigeyes.com","InstallerUrl","Validation-Domain"
"GauzyTech.NeatConverter","neat-reader.yuezhi.ink","InstallerUrl","Validation-Domain"
"GauzyTech.NeatReader","neat-reader-release.oss-cn-hongkong.aliyuncs.com","InstallerUrl","Validation-Domain"
"Geeks3D.FurMark.2","gpumagick.com","InstallerUrl","Validation-Domain"
"GeoDa.GeoDa","GeoDa.GeoDa","PackageIdentifier","Policy-Test-2.7"
"Glodon.CADReader.CN","yuntu-f.kuaicad.com","InstallerUrl","URL-Validation-Error"
"GnuCash.GnuCash","GnuCash.GnuCash","PackageIdentifier","Policy-Test-1.8"
"GnuWin32.Flex","sourceforge.net","InstallerUrl","Validation-Unapproved-URL"
"GnuWin32.Patch","sourceforge.net","InstallerUrl","Validation-Unapproved-URL"
"GOG.Galaxy","cdn.gog.com","InstallerUrl","Validation-Forbidden-URL-Error"
"GovernmentOfThePRC.GuangdongProvince.YueZhengYi","dldir1.qq.com","InstallerUrl","Validation-Domain"
"GovernmentOfThePRC.HeNan.ZhengZhou.ZhengZhengDing","zwdd-zhegnzhou.oss-cn-beijing.aliyuncs.com","InstallerUrl","Validation-Domain"
"GovernmentOfThePRC.SAT.ETB.WithholdingSide","file.etax.chinatax.gov.cn","InstallerUrl","Validation-Domain"
"GPSoftware.DirectoryOpus","cdn2.gpsoft.com.au","InstallerUrl","Validation-Domain"
"gretl.gretl","gretl.gretl","PackageIdentifier","Validation-Unapproved-URL"
"h3poteto.whalebird-desktop","github.com","InstallerUrl","URL-Validation-Error"
"HaiYing.OfficeAI","downloadcdn.office-ai.cn","InstallerUrl","Validation-Domain"
"Hasleo.BackupSuiteFree","www.easyuefi.com","InstallerUrl","Validation-Domain"
"HeartbeatChat.Heartbeat","download.todesktop.com","InstallerUrl","Validation-Domain"
"HMCL.HMCL.Dev","HMCL.HMCL.Dev","PackageIdentifier","Possible-Duplicate"
"HMCL.HMCL.Dev.Maven","HMCL.HMCL.Dev.Maven","PackageIdentifier","Possible-Duplicate"
"HMCL.HMCL.Dev.Maven.TencentCloudMirror","mirrors.cloud.tencent.com","InstallerUrl","Validation-Domain"
"HMCL.HMCL.Dev.Maven.TencentCloudMirror","HMCL.HMCL.Dev.Maven.TencentCloudMirror","PackageIdentifier","Possible-Duplicate"
"HMCL.HMCL.Stable","github.com","InstallerUrl","Validation-Domain"
"HMCL.HMCL.Stable.Maven","HMCL.HMCL.Stable.Maven","PackageIdentifier","Possible-Duplicate"
"HMCL.HMCL.Stable.Maven.TencentCloudMirror","mirrors.cloud.tencent.com","InstallerUrl","Validation-Domain"
"HomeDev.PatchCleanerPortable","deac-riga.dl.sourceforge.net","InstallerUrl","Validation-Unapproved-URL"
"HP.ConnectivityKit","updates.moravia-consulting.com","InstallerUrl","Validation-Domain"
"HP.PrimeVirtualCalculator","updates.moravia-consulting.com","InstallerUrl","Validation-Domain"
"HuoHuaSiWei.HuoHuaBianCheng","img.txqn.huohua.cn","InstallerUrl","Validation-Domain"
"HuoHuaSiWei.HuoHuaSiWei","pkm-01.classpodcdn.com","InstallerUrl","Validation-Domain"
"HydrologicEngineeringCenter.HEC-MetVue","www.hec.usace.army.mil","InstallerUrl","Validation-Domain"
"Ideamerit.GalaxyModeler","www.datensen.com","InstallerUrl","Validation-Domain"
"Ideamerit.LunaModeler","www.datensen.com","InstallerUrl","Validation-Domain"
"Ideamerit.MeteorModeler","www.datensen.com","InstallerUrl","Validation-Domain"
"Ideamerit.MoonModeler","www.datensen.com","InstallerUrl","Validation-Domain"
"IDMComputerSolutions,Inc.UEStudio","downloads.ultraedit.com","InstallerUrl","Validation-Domain"
"J2S3.MerciApp","p-merci-windows-adapter.s3.eu-west-3.amazonaws.com","InstallerUrl","Validation-Domain"
"jgaa.WarSetup","sourceforge.net","InstallerUrl","Validation-Unapproved-URL"
"JiriPolasek.MediaControlsforCommandPalette","JiriPolasek.MediaControlsforCommandPalette","PackageIdentifier","Policy-Test-2.7"
"JustArchiNET.ArchiSteamFarm","JustArchiNET.ArchiSteamFarm","PackageIdentifier","Policy-Test-2.7"
"JustArchiNET.ArchiSteamFarm","JustArchiNET.ArchiSteamFarm","PackageIdentifier","Policy-Test-2.7"
"kangfenmao.CherryStudio","kangfenmao.CherryStudio","PackageIdentifier","Policy-Test-2.7"
"kangyu-california.PersistentWindows","kangyu-california.PersistentWindows","PackageIdentifier","Policy-Test-2.5"
"KaringX.Karing","KaringX.Karing","PackageIdentifier","Policy-Test-1.2"
"KDE.KStars","www.indilib.org","InstallerUrl","Validation-Domain"
"KDE.Parley","KDE.Parley","PackageIdentifier","Policy-Test-2.7"
"KeeperSecurity.KeeperDesktop","KeeperSecurity.KeeperDesktop","PackageIdentifier","Policy-Test-2.8"
"KeeyaiSoft.Flame","sourceforge.net","InstallerUrl","Validation-Unapproved-URL"
"Kenkun.AviUtlExEdit2","spring-fragrance.mints.ne.jp","InstallerUrl","Validation-Domain"
"kevinberger-ch.SafePDFViewer","gitlab.com","InstallerUrl","Validation-Domain"
"KindaBrazy.LynxHub","KindaBrazy.LynxHub","PackageIdentifier","Policy-Test-2.9"
"KindaBrazy.LynxHub","KindaBrazy.LynxHub","PackageIdentifier","Policy-Test-1.2"
"Kingsoft.PowerWord","download.iciba.com","InstallerUrl","Validation-Domain"
"KRTirtho.Flemozi","KRTirtho.Flemozi","PackageIdentifier","Validation-Installation-Error"
"Kubus.BCFManager.Revit.2022","download.bimcollab.com","InstallerUrl","Validation-Domain"
"Kubus.BCFManager.Revit.2023","download.bimcollab.com","InstallerUrl","Validation-Domain"
"Kubus.BCFManager.Revit.2024","download.bimcollab.com","InstallerUrl","Validation-Domain"
"Kubus.BCFManager.Revit.2025","download.bimcollab.com","InstallerUrl","Validation-Domain"
"Kubus.BCFManager.Standalone","download.bimcollab.com","InstallerUrl","Validation-Domain"
"KurtZimmermann.RegCool","KurtZimmermann.RegCool","PackageIdentifier","Validation-No-Executables"
"Lazarus.Lazarus","sourceforge.net","InstallerUrl","Validation-Unapproved-URL"
"Lebo.Lebo","download.mirrorcast.cn","InstallerUrl","Validation-Domain"
"LEERINA.ShanaEncoder","sourceforge.net","InstallerUrl","Validation-Unapproved-URL"
"LeNgocKhoa.Laragon","github.com","InstallerUrl","URL-Validation-Error"
"LeoKlaus.HeadsetControl-GUI","LeoKlaus.HeadsetControl-GUI","PackageIdentifier","Policy-Test-1.2"
"LifeAt.LifeAt","download.todesktop.com","InstallerUrl","Validation-Domain"
"LinearOrbit.Linear","download.todesktop.com","InstallerUrl","Validation-Domain"
"Logitech.OnboardMemoryManager","download01.logi.com","InstallerUrl","Validation-Domain"
"Logitech.Sync","Logitech.Sync","PackageIdentifier","Policy-Test-2.5"
"LukasHermann.stagetimer-io","storage.googleapis.com","InstallerUrl","Validation-Domain"
"LuxTrust.LuxTrustMiddleware","gitlab.com","InstallerUrl","Validation-Domain"
"Macabacus.Macabacus","Macabacus.Macabacus","PackageIdentifier","Policy-Test-1.8"
"Macabacus.Macabacus","softwarecdn.blob.core.windows.net","InstallerUrl","Validation-Domain"
"Macabacus.Macabacus","Macabacus.Macabacus","PackageIdentifier","Validation-No-Executables"
"MacmillanLearning.iClickerCloud","artifactory.reef-education.com","InstallerUrl","Validation-Domain"
"Magnate.SpeedManager","file2.speedtest.cn","InstallerUrl","Validation-Domain"
"Magnate.SpeedManager.Pro","file2.speedtest.cn","InstallerUrl","Validation-Domain"
"MAILPLUGInc.MAILPLUGMessengerDesktop","chat.mailplug.com","InstallerUrl","URL-Validation-Error"
"Makeblock.xToolCreativeSpace","storage-us.atomm.com","InstallerUrl","Validation-Domain"
"MartiCliment.UniGetUI","github.com","InstallerUrl","Validation-Domain"
"MartiCliment.UniGetUI","MartiCliment.UniGetUI.Pre-Release","PackageIdentifier","Validation-No-Executables"
"MartiCliment.UniGetUI.Pre-Release","MartiCliment.UniGetUI.Pre-Release","PackageIdentifier","Validation-No-Executables"
"MaxCut.MaxCut","s3.amazonaws.com","InstallerUrl","Validation-Domain"
"MAXHUB.MAXHUBShare","ifpserver.com","InstallerUrl","Validation-Domain"
"MAXHUB.MAXHUBShare.CN","static.cvte.com","InstallerUrl","Validation-Domain"
"mendelson.AS2","sourceforge.net","InstallerUrl","Validation-Unapproved-URL"
"Mergiraf.Mergiraf","codeberg.org","InstallerUrl","Validation-Domain"
"MeshIntelligentTechnologies.PiecesCLI","storage.googleapis.com","InstallerUrl","Validation-Domain"
"mesonbuild.meson","mesonbuild.meson","PackageIdentifier","Policy-Test-2.5"
"MicroDicom.DICOMViewer","MicroDicom.DICOMViewer","PackageIdentifier","Policy-Test-1.2"
"MicroDicom.ShellExtension","MicroDicom.ShellExtension","PackageIdentifier","Validation-No-Executables"
"Microsoft.DotNet.UninstallTool","Microsoft.DotNet.UninstallTool","PackageIdentifier","Validation-No-Executables"
"Microsoft.Office.2010.FilterPacks","Microsoft.Office.2010.FilterPacks","PackageIdentifier","Validation-No-Executables"
"Microsoft.RemoteDesktopClient","Microsoft.Skype","PackageIdentifier","Policy-Test-2.5"
"Microsoft.RemoteDesktopClient","res.cdn.office.net","InstallerUrl","Validation-Domain"
"Microsoft.RemoteDesktopMMRService","intstreamreleases.z22.web.core.windows.net","InstallerUrl","Validation-Domain"
"Microsoft.ServerSpeechPlatformRuntime","Microsoft.ServerSpeechPlatformRuntime","PackageIdentifier","Validation-No-Executables"
"Microsoft.ServiceFabricRuntime","Microsoft.ServiceFabricRuntime","PackageIdentifier","Validation-No-Executables"
"Microsoft.Skype","download.skype.com","InstallerUrl","Validation-Domain"
"Microsoft.Skype","Microsoft.Skype","PackageIdentifier","Policy-Test-2.5"
"Microsoft.WindowsAppRuntime.1.6","aka.ms","InstallerUrl","Validation-Domain"
"MinistryOfEducationOfThePRC.SmartSchools","download.ykt.cbern.com.cn","InstallerUrl","Validation-Domain"
"MintplexLabs.AnythingLLM","cdn.useanything.com","InstallerUrl","Validation-Domain"
"Mitel.MitelConnect","upgrade01.sky.shoretel.com","InstallerUrl","Validation-Domain"
"mmozeiko.wcap","raw.githubusercontent.com","InstallerUrl","Validation-Domain"
"Modyfi.Modyfi","download.todesktop.com","InstallerUrl","Validation-Domain"
"Moises.Moises","download.todesktop.com","InstallerUrl","Validation-Domain"
"monkeyWie.Gopeed","monkeyWie.Gopeed","PackageIdentifier","Policy-Test-2.7"
"monkeyWie.Gopeed.Web","monkeyWie.Gopeed.Web","PackageIdentifier","Policy-Test-2.7"
"Morgen.Morgen","download.todesktop.com","InstallerUrl","Validation-Domain"
"Morningstar.MorningstarDirectPrerequisite","Morningstar.MorningstarDirectPrerequisite","PackageIdentifier","Validation-No-Executables"
"Mossmouth.SpelunkyClassic","www.derekyu.com","InstallerUrl","Validation-Domain"
"mpv.mpv","nightly.link","InstallerUrl","Validation-Domain"
"NAVERWEBTOONLtd.SeriesComicViewer","appdown.pstatic.net","InstallerUrl","Validation-Domain"
"Navratovi.RemoteBoulderTimer","download.navrat.name","InstallerUrl","Validation-Domain"
"NDI.NDIRuntime","NDI.NDIRuntime","PackageIdentifier","Validation-No-Executables"
"NelsonNumericalSoftware.Nelson","NelsonNumericalSoftware.Nelson","PackageIdentifier","Policy-Test-2.7"
"NetEase.CloudMusicXStudio","NetEase.CloudMusicXStudio","PackageIdentifier","Validation-No-Executables"
"NewBreedSoftware.TuxPaint","sourceforge.net","InstallerUrl","Validation-unapproved-URL"
"Newforma.Konekt.Addin.Autodesk","cdn.bimtrackapp.co","InstallerUrl","Validation-Domain"
"NICESoftware.AmazonDCVClient","d1uj6qtbmh3dt5.cloudfront.net","InstallerUrl","Validation-Domain"
"NICESoftware.AmazonDCVServer","d1uj6qtbmh3dt5.cloudfront.net","InstallerUrl","Validation-Domain"
"NICESoftware.AmazonDCVSessionManagerAgent","d1uj6qtbmh3dt5.cloudfront.net","InstallerUrl","Validation-Domain"
"NICESoftware.AmazonDCVVirtualDisplay","d1uj6qtbmh3dt5.cloudfront.net","InstallerUrl","Validation-Domain"
"NirSoft.UninstallView","NirSoft.UninstallView","PackageIdentifier","Validation-No-Executables"
"nkdAgility.AzureDevOpsMigrationTools","nkdAgility.AzureDevOpsMigrationTools","PackageIdentifier","Policy-Test-2.7"
"nkdAgility.AzureDevOpsMigrationTools.Preview","nkdAgility.AzureDevOpsMigrationTools.Preview","PackageIdentifier","Policy-Test-2.7"
"NoMachine.NoMachine","NoMachine.NoMachine","PackageIdentifier","Policy-Test-2.5"
"NoMachine.NoMachine.CloudServer","NoMachine.NoMachine.CloudServer","PackageIdentifier","Policy-Test-2.5"
"NoMachine.NoMachine.EnterpriseClient","NoMachine.NoMachine.EnterpriseClient","PackageIdentifier","Policy-Test-2.5"
"NoMachine.NoMachine.EnterpriseCloudServer","NoMachine.NoMachine.EnterpriseCloudServer","PackageIdentifier","Policy-Test-2.5"
"NoMachine.NoMachine.EnterpriseCloudServerCluster","NoMachine.NoMachine.EnterpriseCloudServerCluster","PackageIdentifier","Policy-Test-2.5"
"NoMachine.NoMachine.EnterpriseDesktop","NoMachine.NoMachine.EnterpriseDesktop","PackageIdentifier","Policy-Test-2.5"
"NoMachine.NoMachine.SmallBusinessCloudServer","NoMachine.NoMachine.SmallBusinessCloudServer","PackageIdentifier","Policy-Test-2.5"
"Notion.NotionCalendar","download.todesktop.com","InstallerUrl","Validation-Domain"
"NovationDMS.LaunchkeyMK4Cubase","NovationDMS.LaunchkeyMK4Cubase","PackageIdentifier","Validation-No-Executables"
"NovationDMS.LaunchkeyMK4Cubase","fael-downloads-prod.focusrite.com","InstallerUrl","Validation-Domain"
"Nuclino.Nuclino","s3-eu-central-1.amazonaws.com","InstallerUrl","Validation-Domain"
"Nutstore.EO2","dc-pkg-cdn.jianguoyun.com","InstallerUrl","Validation-Domain"
"Objective.Trapeze","s3-ap-southeast-2.amazonaws.com","InstallerUrl","Validation-Domain"
"obot-platform.obot","obot-platform.obot","PackageIdentifier","Policy-Test-2.7"
"OctopusData.Octoparse","OctopusData.Octoparse","PackageIdentifier","Policy-Test-2.7"
"OctopusData.Octoparse.CN","download.bazhuayu.com","InstallerUrl","validation-domain"
"OctopusData.Octoparse.CN","OctopusData.Octoparse.CN","PackageIdentifier","Policy-Test-2.7"
"ODA.ODADrawingsExplorer","www.opendesign.com","InstallerUrl","Validation-Domain"
"ODA.ODADrawingsExplorer","ODA.ODADrawingsExplorer","PackageIdentifier","Policy-Test-2.7"
"ODA.ODAFileConverter","www.opendesign.com","InstallerUrl","Validation-Domain"
"ODA.ODAViewer","www.opendesign.com","InstallerUrl","Validation-Domain"
"OK1DIX.VUSC4WIN","www.ok2kkw.com","InstallerUrl","Validation-Domain"
"OliverSchwendener.ueli","github.com","InstallerUrl","URL-Validation-Error"
"OpenSourcePhysics.Tracker","physlets.org","InstallerUrl","Validation-Domain"
"Orica.SHOTPlus","downloads.blastiq.com","InstallerUrl","Validation-Domain"
"Orica.SHOTPlus.Tunnel","downloads.blastiq.com","InstallerUrl","Validation-Domain"
"Orica.SHOTPlus.Underground","downloads.blastiq.com","InstallerUrl","Validation-Domain"
"OSGeo.QGIS_LTR","qgis.org","InstallerUrl","URL-Validation-Error"
"OWASP.ThreatDragon","OWASP.ThreatDragon","PackageIdentifier","Policy-Test-2.8"
"paolosalvatori.ServiceBusExplorer","paolosalvatori.ServiceBusExplorer","PackageIdentifier","Policy-Test-2.7"
"PCTI.OrphanRehomer.Scotland","apps.docman.com","InstallerUrl","Validation-Domain"
"Pexip.Pexip.Service","static.videxio.net","InstallerUrl","Validation-Domain"
"Philips.SmartControl","gz-dlsw.tpv-tech.com","InstallerUrl","Validation-Domain"
"Philips.SpeechLive","speech-desktop-app-update.speech.com","InstallerUrl","Validation-Domain"
"Philips.SpeechLive.MSI","speech-desktop-app-update.speech.com","InstallerUrl","Validation-Domain"
"Pinnacle21.Pinnacle21.Community","dthfq9xldm1jq.cloudfront.net","InstallerUrl","Validation-Domain"
"Piriform.CCleaner.Slim","bits.avcdn.net","InstallerUrl","Validation-Domain"
"pljones.s3pe","sourceforge.net","InstallerUrl","Validation-Unapproved-URL"
"PostgreSQL.PostgreSQL.13","get.enterprisedb.com","InstallerUrl","Validation-Domain"
"PostgreSQL.PostgreSQL.14","get.enterprisedb.com","InstallerUrl","Validation-Domain"
"PostgreSQL.PostgreSQL.15","get.enterprisedb.com","InstallerUrl","Validation-Domain"
"PostgreSQL.PostgreSQL.17","get.enterprisedb.com","InstallerUrl","Validation-Domain"
"ProjectLibre.ProjectLibre","sourceforge.net","InstallerUrl","Validation-Unapproved-URL"
"Psi.Psi","sourceforge.net","InstallerUrl","Validation-Unapproved-URL"
"PulseHD.PulseHD","storage.googleapis.com","InstallerUrl","Validation-Domain"
"Qingfeng.HeyboxChat","macc.max-c.com","InstallerUrl","Validation-Domain"
"RaisingTheFloor.Morphic","d23vryjv7k8eyb.cloudfront.net","InstallerUrl","Validation-Domain"
"Rakuten.Viber","Rakuten.Viber","PackageIdentifier","Policy-Test-2.5"
"RayHinchliffe.SIV","delivery2.filecroco.com","InstallerUrl","Validation-Domain"
"RedisInsight.RedisInsight","s3.amazonaws.com","InstallerUrl","Validation-Domain"
"RHash.RHash","downloads.sourceforge.net","InstallerUrl","Validation-Unapproved-URL"
"Ringler.SnapformViewer","mirror1.steuersoftware.ch","InstallerUrl","Validation-Domain"
"RoxyBrowser.RoxyBrowser","lumibrowser-hk.oss-cn-hongkong.aliyuncs.com","InstallerUrl","Validation-Domain"
"RystadEnergy.CubeBrowser","RystadEnergy.CubeBrowser","PackageIdentifier","Validation-Domain"
"Schrodinger.PyMOL","storage.googleapis.com","InstallerUrl","Validation-Domain"
"Seafile.Seadrive","s3.eu-central-1.amazonaws.com","InstallerUrl","Validation-domain"
"Shemeshg.MidiRouterClient","downloads.sourceforge.net","InstallerUrl","Validation-Unapproved-URL"
"ShiningLight.OpenSSL","slproweb.com","InstallerUrl","Validation-Domain"
"ShiningLight.OpenSSL.Dev","slproweb.com","InstallerUrl","Validation-Domain"
"SignerLabs.Klee.CPU ","dvnr1hi9fanyr.cloudfront.net","InstallerUrl","Validation-Domain"
"SignerLabs.Klee.CUDA","dvnr1hi9fanyr.cloudfront.net","InstallerUrl","Validation-Domain"
"SimpleTex.SimpleTex","gitee.com","InstallerUrl","Validation-Domain"
"sixspot.freescan","drive.google.com","InstallerUrl","Validation-Domain"
"Slite.Slite","download.todesktop.com","InstallerUrl","Validation-Domain"
"SmartBear.ReadyAPI","dl.eviware.com","InstallerUrl","Validation-Domain"
"SmartBear.ReadyAPILoadUIAgent","dl.eviware.com","InstallerUrl","Validation-Domain"
"SmartBear.ReadyAPIVirtServer","dl.eviware.com","InstallerUrl","Validation-Domain"
"Snowflake.SnowflakeCLI","Snowflake.SnowflakeCLI","PackageIdentifier","Policy-Test-2.7"
"Softpcapps.MaximizeAlways","www.4dots-software.com","InstallerUrl","Validation-Domain"
"Solidigm.StorageTool","sdmsdfwdriver.blob.core.windows.net","InstallerUrl","Validation-Domain"
"Sony.XperiaCompanion","Sony.XperiaCompanion","PackageIdentifier","Policy-Test-1.2"
"SouthRiverTechnologies.WebDrive","srtcdnstorage.blob.core.windows.net","InstallerUrl","Validation-Domain"
"Sparkol.VideoScribe","s3.amazonaws.com","InstallerUrl","Validation-Domain"
"Steady.Steady","download.todesktop.com","InstallerUrl","Validation-Domain"
"Stevenaaus.ScidvsPC","sourceforge.net","InstallerUrl","Validation-Unapproved-URL"
"StevenMayall.MusicBee","StevenMayall.MusicBee","PackageIdentifier","Validation-No-Executables"
"Summa.ColigoConnectConfigurationTool","downloadcloudcti.blob.core.windows.net","InstallerUrl","Validation-Domain"
"Summay.Sunsama","download.todesktop.com","InstallerUrl","Validation-Domain"
"SURF.LetsConnectClient","codeberg.org","InstallerUrl","Validation-Domain"
"Surfshark.Surfshark","Surfshark.Surfshark","PackageIdentifier","Policy-Test-2.3"
"SUSE.openSUSE.Leap.15.6","publicwsldistros.blob.core.windows.net","InstallerUrl","Validation-Domain"
"SUSE.openSUSE.Tumbleweed","publicwsldistros.blob.core.windows.net","InstallerUrl","Validation-Domain"
"SUSE.SUSE.15SP6","publicwsldistros.blob.core.windows.net","InstallerUrl","Validation-Domain"
"SylvainRougeaux.Echosync","api.luminescence-software.org","InstallerUrl","Validation-Domain"
"SylvainRougeaux.Metatogger","api.luminescence-software.org","InstallerUrl","Validation-Domain"
"SyncTERM.SyncTERM","sourceforge.net","InstallerUrl","Validation-Unapproved-URL"
"Tandem.Tandem","download.todesktop.com","InstallerUrl","Validation-Domain"
"TASKING.winIDEA","www.isystem.com","InstallerUrl","Validation-Domain"
"Technelysium.Chromas","Technelysium.Chromas","PackageIdentifier","Policy-Test-1.8"
"Technelysium.Chromas.Pro","Technelysium.Chromas.Pro","PackageIdentifier","Policy-Test-1.8"
"Tencent.FanLive","d3g.qq.com","InstallerUrl","Validation-Domain"
"Tencent.ima-copilot","ima-app.image.myqcloud.com","InstallerUrl","Validation-Domain"
"Thales.SafeNetAuthenticationClient","www.digicert.com","InstallerUrl","Validation-Domain"
"TheBlind.T-Shell","gitee.com","InstallerUrl","Validation-Domain"
"tibbo.ioninja","tibbo.ioninja","PackageIdentifier","Policy-Test-2.5"
"TigerVNC.TigerVNC","sourceforge.net","InstallerUrl","Validation-Unapproved-URL"
"TORTUSAI.TORTUS","storage.googleapis.com","InstallerUrl","Validation-Domain"
"Trimble.SketchUpViewer","Trimble.SketchUpViewer","PackageIdentifier","Policy-Test-1.2"
"Typst.Typst","Typst.Typst","PackageIdentifier","Policy-Test-1.2"
"Ubiquiti.IdentityDesktop.Endpoint","fw-download.ubnt.com","InstallerUrl","Validation-Domain"
"Ubiquiti.IdentityDesktop.Enterprise","fw-download.ubnt.com","InstallerUrl","Validation-Domain"
"Ubiquiti.UniFiNetworkServer","dl.ui.com","InstallerUrl","Validation-Domain"
"Ubisoft.Chroma","raw.githubusercontent.com","InstallerUrl","Validation-Domain"
"Ubisoft.Connect","static3.cdn.ubi.com","InstallerUrl","Validation-Domain"
"undergroundwires.privacy.sexy","undergroundwires.privacy.sexy","PackageIdentifier","Policy-Test-2.7"
"UweSieber.ComPortInfo","UweSieber.ComPortInfo","PackageIdentifier","Policy-Test-2.7"
"UweSieber.ComPortInfo","UweSieber.ComPortInfo","PackageIdentifier","Policy-Test-1.2"
"UweSieber.UsbDriveInfo","UweSieber.UsbDriveInfo","PackageIdentifier","Policy-Test-2.7"
"Vector35.BinaryNinja","Vector35.BinaryNinja","PackageIdentifier","Policy-Test-2.5"
"Wagnardsoft.DisplayDriverUninstaller","Wagnardsoft.DisplayDriverUninstaller","PackageIdentifier","Validation-No-Executables"
"wanou067.MazeLauncher","mazecity.eu","InstallerUrl","Validation-Domain"
"WesternDigital.Kitfox","downloads.wdc.com","InstallerUrl","Validation-Domain"
"WetOtter44.StrawberryMusicPlayer.MinGW","codeberg.org","InstallerUrl","Validation-Domain"
"WetOtter44.StrawberryMusicPlayer.MSVC","codeberg.org","InstallerUrl","Validation-Domain"
"Wibu-Systems.CodeMeterRuntimeKit","www.wibu.com","InstallerUrl","Validation-Domain"
"WikimediaProject.AutoWikiBrowser","deac-riga.dl.sourceforge.net","InstallerUrl","Validation-Unapproved-URL"
"WinEdtTeam.WinEdt","WinEdtTeam.WinEdt","PackageIdentifier","Policy-Test-1.2"
"WinUAE.WinUAE","download.abime.net","InstallerUrl","Validation-Domain"
"WiresharkFoundation.Stratoshark","1.na.dl.wireshark.org","InstallerUrl","Validation-Domain"
"Wondershare.Mockitt.CN","cdn-release.modao.cc","InstallerUrl","Validation-Domain"
"Wondershare.Mockitt.CN","Wondershare.Mockitt.CN","PackageIdentifier","Validation-No-Executables"
"wpdos.PDFtoPrinter","mendelson.org","InstallerUrl","Validation-Domain"
"wpdos.PDFtoPrinter","wpdos.PDFtoPrinter","PackageIdentifier","Policy-Test-2.9"
"Xersin.Sumsie","sourceforge.net","InstallerUrl","Validation-Unapproved-URL"
"Xerxes-2.ClewdR","Xerxes-2.ClewdR","PackageIdentifier","Policy-Test-2.7"
"Xiaocai.MiniCADDraw","clientdown.appol.com","InstallerUrl","Validation-Domain"
"Xiaocai.MiniCADSee","clientdown.appol.com","InstallerUrl","Validation-Domain"
"XnSoft.XnConvert","XnSoft.XnConvert","PackageIdentifier","Policy-Test-1.2"
"XnSoft.XnConvert","download.xnview.com","InstallerUrl","Validation-Domain"
"XnSoft.XnResize","download.xnview.com","InstallerUrl","Validation-Domain"
"XTLS.Xray-core","XTLS.Xray-core","PackageIdentifier","Policy-Test-2.7"
"YABE.YetAnotherBacnetExplorer","sourceforge.net","InstallerUrl","Validation-Unapproved-URL"
"Yealink.YealinkUSBConnect.CN","resource.ymcs.ylcloud.com","InstallerUrl","Validation-Domain"
"Youda008.DoomRunner","Youda008.DoomRunner","PackageIdentifier","Policy-Test-1.2"
"YouXiao.YXFile","zhcy.oss-cn-hangzhou.aliyuncs.com","InstallerUrl","Validation-Domain"
"Yuanfudao.Yuanfudao","apphub.fbcontent.cn","InstallerUrl","Validation-Domain"
"Yubico.YubiKeySmartCardMinidriver","Yubico.YubiKeySmartCardMinidriver","PackageIdentifier","Validation-No-Executables"
"Z-DBackup.Z-Cron","z-download.de","InstallerUrl","Validation-Domain"
"zadjii.ObsidianNotesExtension","zadjii.ObsidianNotesExtension","PackageIdentifier","Policy-Test-2.7"
"zelenkov.WixTrim","sourceforge.net","InstallerUrl","Validation-Unapproved-URL"
"ZivverB.V.ZivverOfficePlugin","ZivverB.V.ZivverOfficePlugin","PackageIdentifier","Validation-No-Executables"
